/* 
Indice :
    - Eliminazione Indici, Funzioni, Viste, Tabelle#19
    - Creazione del Database #43
    - Creazione delle Viste PrVe #213 e PrOp #230
        - PrVe -> (Calcola il prezzo totale del veicolo noleggiato per ogni noleggio in base alla durata del noleggio)
        - PrOp -> (Calcola il prezzo degli Optional noleggiati per ogni noleggio in base alla durata del noleggio 
            e in base all'attributo IsGiornaliero che indica se un optional deve essere pagato in base alla durata del noleggio o
            una volta per tutto il noleggio)
    - Funzione calcolaImporto #249
        (Calcola l'importo totale da pagare in base all'IdNoleggio e alla presenza di un CodiceSconto utilizzando le viste PrVe e PrOp)
    - Insert #263
    - Creazione Indice #3987
    - Query #3991 
**/
/**
Eliminazione Indici, Funzioni e Viste
*/
DROP INDEX IF EXISTS idx_Noleggio;
DROP FUNCTION IF EXISTS calcolaImporto;
DROP VIEW IF EXISTS PrVe;
DROP VIEW IF EXISTS PrOp;

/**
Eliminazione delle Tabelle
*/
DROP TABLE IF EXISTS PAGAMENTO;
DROP TABLE IF EXISTS OPTIONAL_NOLEGGIO;
DROP TABLE IF EXISTS NOLEGGIO;
DROP TABLE IF EXISTS PORTAFOGLIO;
DROP TABLE IF EXISTS LOCALIZZATO;
DROP TABLE IF EXISTS RECENSIONE;
DROP TABLE IF EXISTS ASSICURAZIONE;
DROP TABLE IF EXISTS VEICOLO;
DROP TABLE IF EXISTS UTENTE;
DROP TABLE IF EXISTS SCONTO;
DROP TABLE IF EXISTS PARCHEGGIO;
DROP TABLE IF EXISTS CARTA;
DROP TABLE IF EXISTS PATENTE;
DROP TABLE IF EXISTS OPTIONAL;
DROP TABLE IF EXISTS AZIENDA;
DROP TABLE IF EXISTS MODELLO;

CREATE TABLE MODELLO(
    IdModello SERIAL NOT NULL,
    LinkImmagine VARCHAR(255) NOT NULL,
    Modello VARCHAR(50) NOT NULL,
    Cambio BOOLEAN NOT NULL,
    Motore VARCHAR(50) NOT NULL CHECK (Motore IN (
                    'benzina',
                    'diesel',
                    'GPL',
                    'ibrido benzina',
                    'ibrido diesel',
                    'ibrido plug-in benzina',
                    'ibrido plug-in diesel',
                    'metano',
                    'elettrico')), 
    Posti INT NOT NULL CHECK (Posti > 0),
    PortataMassima INT NOT NULL CHECK (PortataMassima > 0),
    AriaCondizionata BOOLEAN NOT NULL,
    TipoVeicolo VARCHAR(15) NOT NULL CHECK (TipoVeicolo IN ('Auto', 'Camper', 'Furgone')),
    PRIMARY KEY (IdModello)
    );

CREATE TABLE AZIENDA(
    CodiceAzienda INT NOT NULL, 
    NomeAzienda VARCHAR(50) NOT NULL, 
    Telefono VARCHAR(10) NOT NULL,
    Email VARCHAR(100) NOT NULL, 
    Regione VARCHAR(50) NOT NULL, 
    Citta VARCHAR(50) NOT NULL, 
    Via VARCHAR(50) NOT NULL, 
    NumeroCivico VARCHAR(10) NOT NULL,
    PRIMARY KEY(CodiceAzienda)
    );

CREATE TABLE OPTIONAL(
    Titolo VARCHAR(50) NOT NULL, 
    Descrizione VARCHAR(255) NOT NULL, 
    Prezzo DECIMAL(9,2) NOT NULL,
    IsGiornaliero BOOLEAN NOT NULL,
    PRIMARY KEY(Titolo));

CREATE TABLE PATENTE(
    NumeroPatente VARCHAR(9) NOT NULL CHECK (NumeroPatente SIMILAR TO '[A-Z][A-Z][0-9][0-9][0-9][0-9][0-9][A-Z][A-Z]'), 
    LuogoRilascio VARCHAR(50) NOT NULL, 
    DataRilascio DATE NOT NULL, 
    DataScadenza DATE NOT NULL, 
    LinkFoto VARCHAR(255) NOT NULL,
    PRIMARY KEY(NumeroPatente)
    );

CREATE TABLE CARTA(
    NumeroCarta CHAR(16) NOT NULL, 
    Circuito VARCHAR(50) NOT NULL, 
    DataScadenza DATE NOT NULL, 
    Intestatario VARCHAR(50) NOT NULL,
    PRIMARY KEY(NumeroCarta)
    );

CREATE TABLE PARCHEGGIO(
    CodiceParcheggio INT NOT NULL, 
    Regione VARCHAR(50) NOT NULL, 
    Citta VARCHAR(50) NOT NULL, 
    Via VARCHAR(50) NOT NULL, 
    NumeroCivico VARCHAR(10) NOT NULL,
    Capienza INT NOT NULL,
    PRIMARY KEY(CodiceParcheggio)
    );

CREATE TABLE SCONTO(
    CodiceSconto VARCHAR(15) NOT NULL, 
    PercentualeSconto INT NOT NULL, 
    DataScadenza DATE NOT NULL,
    PRIMARY KEY(CodiceSconto));

CREATE TABLE UTENTE(
    Email VARCHAR(100) NOT NULL, 
    Password VARCHAR(50) NOT NULL, 
    Nome VARCHAR(50) NOT NULL, 
    Cognome VARCHAR(50) NOT NULL, 
    DataNascita DATE NOT NULL, 
    LuogoNascita VARCHAR(50) NOT NULL, 
    NumeroPatente VARCHAR(9) UNIQUE NOT NULL,
    PRIMARY KEY(Email),
    FOREIGN KEY (NumeroPatente) REFERENCES PATENTE(NumeroPatente) ON DELETE CASCADE ON UPDATE CASCADE
    );

CREATE TABLE VEICOLO(
    Targa VARCHAR(7) NOT NULL CHECK (Targa SIMILAR TO '[A-Z][A-Z][0-9][0-9][0-9][A-Z][A-Z]'), 
    IdModello INT NOT NULL, 
    CodiceAziendaFornitrice INT NOT NULL, 
    PrezzoBaseAlGiorno DECIMAL(9,2) NOT NULL CHECK (PrezzoBaseAlGiorno > 0), 
    KM_Percorsi INT NOT NULL CHECK(KM_Percorsi>=0),
    PRIMARY KEY(Targa),
    FOREIGN KEY (CodiceAziendaFornitrice) REFERENCES AZIENDA(CodiceAzienda) ON DELETE CASCADE ON UPDATE CASCADE,
    FOREIGN KEY (IdModello) REFERENCES MODELLO(IdModello) ON DELETE CASCADE ON UPDATE CASCADE
    );

CREATE TABLE ASSICURAZIONE(
    Targa VARCHAR(7) NOT NULL, 
    CodiceAziendaAssicuratrice INT NOT NULL, 
    FranchigiaFurto DECIMAL(9,2) NOT NULL CHECK (FranchigiaFurto >= 0), 
    FranchigiaDanni DECIMAL(9,2) NOT NULL CHECK (FranchigiaDanni >= 0),
    PRIMARY KEY(Targa),
    FOREIGN KEY (CodiceAziendaAssicuratrice) REFERENCES AZIENDA(CodiceAzienda) ON DELETE CASCADE ON UPDATE CASCADE,
    FOREIGN KEY (Targa) REFERENCES VEICOLO(Targa) ON DELETE CASCADE ON UPDATE CASCADE 
    );

CREATE TABLE RECENSIONE(
    IdModello INT NOT NULL, 
    Email VARCHAR(100) NOT NULL, 
    Stelle INT NOT NULL CHECK(Stelle >=0 AND Stelle <=10), 
    Descrizione VARCHAR(300) NOT NULL,
    PRIMARY KEY(IdModello, Email),
    FOREIGN KEY (IdModello) REFERENCES MODELLO(IdModello) ON DELETE CASCADE ON UPDATE CASCADE,
    FOREIGN KEY (Email) REFERENCES UTENTE(Email) ON DELETE CASCADE ON UPDATE CASCADE
    );

CREATE TABLE LOCALIZZATO(
    Targa VARCHAR(7) NOT NULL, 
    CodiceParcheggio INT,
    PRIMARY KEY(Targa),
    FOREIGN KEY (Targa) REFERENCES VEICOLO(Targa) ON DELETE CASCADE ON UPDATE CASCADE,
    FOREIGN KEY (CodiceParcheggio) REFERENCES PARCHEGGIO(CodiceParcheggio) ON DELETE CASCADE ON UPDATE CASCADE
    );

CREATE TABLE PORTAFOGLIO(
    Email VARCHAR(100) NOT NULL, 
    NumeroCarta CHAR(16) NOT NULL,
    PRIMARY KEY(Email, NumeroCarta),
    FOREIGN KEY (Email) REFERENCES UTENTE(Email) ON DELETE CASCADE ON UPDATE CASCADE,
    FOREIGN KEY (NumeroCarta) REFERENCES CARTA(NumeroCarta) ON DELETE CASCADE ON UPDATE CASCADE 
    );

CREATE TABLE NOLEGGIO(
    IdNoleggio SERIAL NOT NULL, 
    Email VARCHAR(100) NOT NULL, 
    Targa VARCHAR(7) NOT NULL, 
    CodiceParcheggioRitiro INT NOT NULL, 
    DataRitiro DATE NOT NULL, 
    OraRitiro TIME NOT NULL, 
    CodiceParcheggioRiconsegna INT NOT NULL, 
    DataRiconsegna DATE NOT NULL, 
    OraRiconsegna TIME NOT NULL, 
    CodiceSconto VARCHAR(15),
    PRIMARY KEY (IdNoleggio),
    FOREIGN KEY (Email) REFERENCES UTENTE(Email) ON DELETE CASCADE ON UPDATE CASCADE,
    FOREIGN KEY (Targa) REFERENCES VEICOLO(Targa) ON DELETE CASCADE ON UPDATE CASCADE,
    FOREIGN KEY (CodiceParcheggioRitiro) REFERENCES PARCHEGGIO(CodiceParcheggio) ON DELETE CASCADE ON UPDATE CASCADE,
    FOREIGN KEY (CodiceParcheggioRiconsegna) REFERENCES PARCHEGGIO(CodiceParcheggio) ON DELETE CASCADE ON UPDATE CASCADE,
    FOREIGN KEY (CodiceSconto) REFERENCES SCONTO(CodiceSconto) ON DELETE CASCADE ON UPDATE CASCADE
    );

CREATE TABLE OPTIONAL_NOLEGGIO(
    Titolo VARCHAR(50) NOT NULL, 
    IdNoleggio INT NOT NULL,
    PRIMARY KEY (Titolo, IdNoleggio),
    FOREIGN KEY (Titolo) REFERENCES OPTIONAL(Titolo) ON DELETE CASCADE ON UPDATE CASCADE,
    FOREIGN KEY (IdNoleggio) REFERENCES NOLEGGIO(IdNoleggio) ON DELETE CASCADE ON UPDATE CASCADE
    );

CREATE TABLE PAGAMENTO(
    IdNoleggio INT NOT NULL, 
    NumeroCarta CHAR(16) NOT NULL,
    Importo DECIMAL(9,2) NOT NULL CHECK(Importo >0),
    DataPag DATE NOT NULL,
    PRIMARY KEY(IdNoleggio),
    FOREIGN KEY (IdNoleggio) REFERENCES NOLEGGIO(IdNoleggio) ON DELETE CASCADE ON UPDATE CASCADE,
    FOREIGN KEY (NumeroCarta) REFERENCES CARTA(NumeroCarta) ON DELETE CASCADE ON UPDATE CASCADE
    );

CREATE VIEW PrVe AS
Select
        N.IdNoleggio as IdNoleggio,DATE_PART('day', N.DataRiconsegna::timestamp - N.DataRitiro::timestamp),
        V.PrezzoBaseAlGiorno * DATE_PART('day', N.DataRiconsegna::timestamp - N.DataRitiro::timestamp) as TotalePrezzoVeicolo,
        CASE
            WHEN S.CodiceSconto IS NOT NULL
                AND N.DataRitiro < S.DataScadenza
            THEN S.PercentualeSconto
            ELSE 0
        END as PercentualeSconto
    From 
        (VEICOLO as V
        Join NOLEGGIO as N
        On V.Targa = N.Targa)
        Left Join SCONTO as S
        On N.CodiceSconto = S.CodiceSconto;
		
CREATE VIEW PrOp AS 
SELECT N.IdNoleggio AS IdNoleggio,
    SUM(CASE WHEN O.Prezzo IS NULL
        THEN 0
        ELSE O.Prezzo * (
            CASE
                WHEN O.isGiornaliero
                    THEN  DATE_PART('day', N.DataRiconsegna::timestamp - N.DataRitiro::timestamp)
                ELSE 1 
            END)
        END) AS TotalePrezzoOptional
FROM (
    OPTIONAL_NOLEGGIO AS O_N
    JOIN OPTIONAL AS O 
    On O_N.Titolo = O.Titolo)
    RIGHT JOIN NOLEGGIO AS N
    ON O_N.IdNoleggio = N.IdNoleggio
GROUP BY N.IdNoleggio;

CREATE FUNCTION calcolaImporto (idNoleggioq int)
RETURNS int
AS
$$
DECLARE Risultato integer;
BEGIN
   	SELECT (PrVe.TotalePrezzoVeicolo + PrOp.TotalePrezzoOptional) *(100-PrVe.PercentualeSconto)/100 INTO Risultato
        FROM PrVe JOIN PrOp ON PrVe.IdNoleggio = PrOP.IdNoleggio
        WHERE PrVe.IdNoleggio = idNoleggioq;
    RETURN Risultato;
END;
$$
LANGUAGE plpgsql;

INSERT INTO MODELLO VALUES
    (1,'http://dummyimage.com/167x100.png/5fa2dd/ffffff','X5 M','false','ibrido plug-in diesel',8,2296,'true','Furgone'),
    (2,'http://dummyimage.com/134x100.png/ff4444/ffffff','H1','false','benzina',5,1110,'true','Camper'),
    (3,'http://dummyimage.com/121x100.png/dddddd/000000','T100 Xtra','true','ibrido benzina',7,1273,'false','Furgone'),
    (4,'http://dummyimage.com/201x100.png/ff4444/ffffff','Wrangler','false','ibrido diesel',2,1236,'false','Furgone'),
    (5,'http://dummyimage.com/206x100.png/5fa2dd/ffffff','Exige','true','ibrido benzina',3,1887,'true','Camper'),
    (6,'http://dummyimage.com/147x100.png/ff4444/ffffff','SJ','false','benzina',8,2867,'true','Camper'),
    (7,'http://dummyimage.com/212x100.png/ff4444/ffffff','5 Series','false','elettrico',8,1420,'false','Furgone'),
    (8,'http://dummyimage.com/201x100.png/ff4444/ffffff','A4','true','ibrido benzina',6,1814,'true','Auto'),
    (9,'http://dummyimage.com/163x100.png/ff4444/ffffff','Ram 1500','false','benzina',7,1286,'true','Camper'),
    (10,'http://dummyimage.com/242x100.png/ff4444/ffffff','7 Series','true','ibrido plug-in diesel',4,1664,'true','Camper'),
    (11,'http://dummyimage.com/147x100.png/ff4444/ffffff','MKT','false','elettrico',5,2263,'true','Camper'),
    (12,'http://dummyimage.com/226x100.png/cc0000/ffffff','Mazda3','false','GPL',7,2502,'true','Furgone'),
    (13,'http://dummyimage.com/171x100.png/cc0000/ffffff','XJ Series','false','elettrico',3,2460,'false','Furgone'),
    (14,'http://dummyimage.com/196x100.png/dddddd/000000','Town Car','true','benzina',7,2600,'false','Camper'),
    (15,'http://dummyimage.com/229x100.png/5fa2dd/ffffff','Grand Caravan','false','ibrido diesel',6,1787,'true','Camper'),
    (16,'http://dummyimage.com/148x100.png/cc0000/ffffff','Sonata','true','diesel',7,2389,'true','Auto'),
    (17,'http://dummyimage.com/171x100.png/ff4444/ffffff','228','true','ibrido benzina',8,599,'true','Auto'),
    (18,'http://dummyimage.com/205x100.png/dddddd/000000','Veyron','false','metano',2,2418,'true','Auto'),
    (19,'http://dummyimage.com/211x100.png/cc0000/ffffff','XJ Series','true','ibrido plug-in diesel',8,2592,'true','Auto'),
    (20,'http://dummyimage.com/151x100.png/5fa2dd/ffffff','xA','true','ibrido plug-in diesel',8,2003,'true','Furgone'),
    (21,'http://dummyimage.com/160x100.png/ff4444/ffffff','3500 Club Coupe','true','benzina',6,1501,'false','Furgone'),
    (22,'http://dummyimage.com/142x100.png/cc0000/ffffff','Yukon XL 1500','false','ibrido plug-in benzina',5,765,'true','Camper'),
    (23,'http://dummyimage.com/120x100.png/ff4444/ffffff','Gemini','false','ibrido benzina',7,1965,'false','Auto'),
    (24,'http://dummyimage.com/199x100.png/dddddd/000000','Neon','true','ibrido plug-in benzina',8,1297,'true','Auto'),
    (25,'http://dummyimage.com/181x100.png/dddddd/000000','Stratus','false','benzina',4,1742,'false','Auto'),
    (26,'http://dummyimage.com/190x100.png/dddddd/000000','GTI','false','GPL',4,659,'true','Camper'),
    (27,'http://dummyimage.com/111x100.png/5fa2dd/ffffff','B-Series','true','ibrido diesel',8,1788,'true','Furgone'),
    (28,'http://dummyimage.com/165x100.png/5fa2dd/ffffff','Coupe','true','ibrido plug-in diesel',3,2348,'true','Auto'),
    (29,'http://dummyimage.com/237x100.png/dddddd/000000','Corrado','false','ibrido benzina',8,839,'false','Furgone'),
    (30,'http://dummyimage.com/166x100.png/ff4444/ffffff','Tacoma','false','ibrido plug-in benzina',6,1829,'true','Furgone'),
    (31,'http://dummyimage.com/109x100.png/cc0000/ffffff','Equinox','true','metano',7,2098,'true','Camper'),
    (32,'http://dummyimage.com/140x100.png/5fa2dd/ffffff','300E','false','ibrido benzina',3,1662,'false','Furgone'),
    (33,'http://dummyimage.com/115x100.png/5fa2dd/ffffff','62','false','diesel',5,755,'false','Camper'),
    (34,'http://dummyimage.com/186x100.png/ff4444/ffffff','Eclipse','true','ibrido plug-in diesel',3,2248,'true','Auto'),
    (35,'http://dummyimage.com/227x100.png/ff4444/ffffff','Santa Fe','false','ibrido plug-in diesel',2,2455,'true','Camper'),
    (36,'http://dummyimage.com/116x100.png/dddddd/000000','3500','true','ibrido plug-in diesel',8,2889,'false','Camper'),
    (37,'http://dummyimage.com/177x100.png/dddddd/000000','Sunfire','false','ibrido plug-in benzina',5,1971,'false','Auto'),
    (38,'http://dummyimage.com/220x100.png/dddddd/000000','Q7','true','benzina',3,1989,'false','Camper'),
    (39,'http://dummyimage.com/117x100.png/ff4444/ffffff','LeSabre','false','ibrido plug-in benzina',8,2622,'false','Auto'),
    (40,'http://dummyimage.com/155x100.png/ff4444/ffffff','Jimmy','false','GPL',2,1422,'true','Auto'),
    (41,'http://dummyimage.com/165x100.png/dddddd/000000','5 Series','true','ibrido plug-in benzina',2,1260,'false','Auto'),
    (42,'http://dummyimage.com/203x100.png/cc0000/ffffff','Stratus','false','elettrico',3,1275,'true','Camper'),
    (43,'http://dummyimage.com/171x100.png/dddddd/000000','Caravan','true','ibrido benzina',4,1142,'false','Camper'),
    (44,'http://dummyimage.com/224x100.png/cc0000/ffffff','Uplander','false','ibrido benzina',6,1413,'false','Camper'),
    (45,'http://dummyimage.com/221x100.png/ff4444/ffffff','Concorde','true','benzina',2,1304,'false','Camper'),
    (46,'http://dummyimage.com/178x100.png/cc0000/ffffff','C-Class','true','benzina',3,1901,'false','Auto'),
    (47,'http://dummyimage.com/109x100.png/ff4444/ffffff','Cutlass','false','ibrido diesel',7,929,'true','Auto'),
    (48,'http://dummyimage.com/189x100.png/cc0000/ffffff','Explorer','true','elettrico',4,591,'false','Auto'),
    (49,'http://dummyimage.com/105x100.png/cc0000/ffffff','Elantra','true','benzina',6,2286,'true','Camper'),
    (50,'http://dummyimage.com/249x100.png/5fa2dd/ffffff','MKZ','true','ibrido plug-in diesel',2,1630,'true','Camper'),
    (51,'http://dummyimage.com/234x100.png/cc0000/ffffff','3500','false','elettrico',7,1628,'true','Furgone'),
    (52,'http://dummyimage.com/211x100.png/ff4444/ffffff','ES','true','ibrido benzina',8,664,'false','Auto'),
    (53,'http://dummyimage.com/201x100.png/ff4444/ffffff','Accord','false','metano',4,2858,'true','Camper'),
    (54,'http://dummyimage.com/129x100.png/5fa2dd/ffffff','Bravada','false','GPL',7,1289,'false','Camper'),
    (55,'http://dummyimage.com/126x100.png/cc0000/ffffff','Safari','false','ibrido diesel',8,2649,'false','Furgone'),
    (56,'http://dummyimage.com/155x100.png/dddddd/000000','Achieva','false','ibrido plug-in diesel',5,1993,'false','Furgone'),
    (57,'http://dummyimage.com/207x100.png/dddddd/000000','Titan','false','elettrico',5,1822,'true','Furgone'),
    (58,'http://dummyimage.com/208x100.png/5fa2dd/ffffff','Suburban 2500','true','metano',4,655,'true','Furgone'),
    (59,'http://dummyimage.com/198x100.png/cc0000/ffffff','240SX','true','ibrido diesel',2,2342,'true','Furgone'),
    (60,'http://dummyimage.com/215x100.png/5fa2dd/ffffff','Miata MX-5','true','elettrico',6,586,'true','Furgone'),
    (61,'http://dummyimage.com/152x100.png/dddddd/000000','X5','false','ibrido plug-in diesel',3,2145,'false','Camper'),
    (62,'http://dummyimage.com/208x100.png/ff4444/ffffff','Regency','false','ibrido plug-in diesel',8,2202,'true','Furgone'),
    (63,'http://dummyimage.com/123x100.png/cc0000/ffffff','G','false','ibrido plug-in diesel',8,578,'false','Camper'),
    (64,'http://dummyimage.com/139x100.png/ff4444/ffffff','ZX2','false','ibrido plug-in diesel',6,1787,'true','Furgone'),
    (65,'http://dummyimage.com/243x100.png/dddddd/000000','B-Series Plus','true','benzina',3,557,'true','Furgone'),
    (66,'http://dummyimage.com/148x100.png/dddddd/000000','F-Series Super Duty','false','diesel',3,1118,'true','Camper'),
    (67,'http://dummyimage.com/103x100.png/cc0000/ffffff','Golf','true','diesel',7,620,'true','Auto'),
    (68,'http://dummyimage.com/215x100.png/cc0000/ffffff','Galant','false','ibrido diesel',4,1261,'true','Camper'),
    (69,'http://dummyimage.com/181x100.png/cc0000/ffffff','Cayenne','false','ibrido diesel',5,741,'true','Camper'),
    (70,'http://dummyimage.com/136x100.png/5fa2dd/ffffff','Maxima','true','GPL',5,1648,'true','Camper'),
    (71,'http://dummyimage.com/212x100.png/dddddd/000000','M-Class','false','ibrido plug-in diesel',8,1747,'true','Auto'),
    (72,'http://dummyimage.com/237x100.png/dddddd/000000','GT','true','elettrico',3,1994,'true','Furgone'),
    (73,'http://dummyimage.com/123x100.png/ff4444/ffffff','Sportage','false','metano',7,908,'true','Furgone'),
    (74,'http://dummyimage.com/190x100.png/dddddd/000000','Azure','true','benzina',3,1248,'true','Camper'),
    (75,'http://dummyimage.com/125x100.png/dddddd/000000','Diamante','false','metano',3,2388,'true','Camper'),
    (76,'http://dummyimage.com/230x100.png/5fa2dd/ffffff','Spectra','true','ibrido plug-in benzina',4,1036,'true','Auto'),
    (77,'http://dummyimage.com/162x100.png/ff4444/ffffff','Eclipse','true','ibrido plug-in diesel',2,2616,'false','Auto'),
    (78,'http://dummyimage.com/202x100.png/5fa2dd/ffffff','ES','true','ibrido plug-in diesel',2,785,'true','Furgone'),
    (79,'http://dummyimage.com/218x100.png/cc0000/ffffff','Lumina APV','true','elettrico',4,1672,'false','Auto'),
    (80,'http://dummyimage.com/169x100.png/dddddd/000000','Escalade EXT','false','benzina',3,1835,'true','Camper'),
    (81,'http://dummyimage.com/122x100.png/dddddd/000000','Focus','false','ibrido diesel',4,1974,'true','Furgone'),
    (82,'http://dummyimage.com/250x100.png/5fa2dd/ffffff','DTS','true','ibrido plug-in diesel',5,1657,'false','Auto'),
    (83,'http://dummyimage.com/100x100.png/cc0000/ffffff','Mustang','true','benzina',3,1593,'false','Camper'),
    (84,'http://dummyimage.com/219x100.png/ff4444/ffffff','Passport','true','ibrido plug-in benzina',3,2565,'true','Auto'),
    (85,'http://dummyimage.com/151x100.png/dddddd/000000','Quattroporte','false','benzina',8,1341,'true','Camper'),
    (86,'http://dummyimage.com/110x100.png/dddddd/000000','Ram Van 3500','true','benzina',3,1922,'true','Auto'),
    (87,'http://dummyimage.com/213x100.png/ff4444/ffffff','Elantra','true','ibrido plug-in benzina',6,1165,'true','Furgone'),
    (88,'http://dummyimage.com/134x100.png/dddddd/000000','9-3','true','ibrido plug-in diesel',4,785,'true','Auto'),
    (89,'http://dummyimage.com/169x100.png/dddddd/000000','G35','false','benzina',6,941,'false','Camper'),
    (90,'http://dummyimage.com/164x100.png/cc0000/ffffff','V70','true','elettrico',2,1677,'true','Auto'),
    (91,'http://dummyimage.com/123x100.png/5fa2dd/ffffff','E350','true','ibrido benzina',5,2302,'true','Camper'),
    (92,'http://dummyimage.com/198x100.png/dddddd/000000','612 Scaglietti','true','GPL',3,786,'true','Auto'),
    (93,'http://dummyimage.com/106x100.png/cc0000/ffffff','Grand Prix','true','GPL',8,2226,'true','Auto'),
    (94,'http://dummyimage.com/246x100.png/dddddd/000000','Precis','true','GPL',3,1094,'false','Auto'),
    (95,'http://dummyimage.com/152x100.png/cc0000/ffffff','R32','false','benzina',5,1921,'true','Camper'),
    (96,'http://dummyimage.com/177x100.png/5fa2dd/ffffff','M5','true','GPL',6,1404,'false','Furgone'),
    (97,'http://dummyimage.com/210x100.png/dddddd/000000','SX4','true','ibrido benzina',4,1577,'false','Auto'),
    (98,'http://dummyimage.com/180x100.png/ff4444/ffffff','JUKE','true','ibrido plug-in benzina',8,1359,'false','Furgone'),
    (99,'http://dummyimage.com/220x100.png/5fa2dd/ffffff','9000','true','benzina',7,2469,'true','Furgone'),
    (100,'http://dummyimage.com/180x100.png/ff4444/ffffff','Sonoma','true','ibrido plug-in diesel',3,1946,'true','Camper'),
    (101,'http://dummyimage.com/166x100.png/dddddd/000000','Roadrunner','false','metano',7,2184,'false','Furgone'),
    (102,'http://dummyimage.com/117x100.png/cc0000/ffffff','G','false','elettrico',5,2231,'true','Furgone'),
    (103,'http://dummyimage.com/242x100.png/cc0000/ffffff','Venza','false','ibrido plug-in benzina',3,2719,'true','Auto'),
    (104,'http://dummyimage.com/145x100.png/5fa2dd/ffffff','7 Series','true','ibrido plug-in diesel',4,793,'true','Auto'),
    (105,'http://dummyimage.com/198x100.png/5fa2dd/ffffff','E-Series','false','metano',6,2465,'false','Camper'),
    (106,'http://dummyimage.com/102x100.png/cc0000/ffffff','Vanquish S','false','ibrido diesel',2,599,'true','Furgone'),
    (107,'http://dummyimage.com/209x100.png/dddddd/000000','Escalade','true','ibrido benzina',3,529,'false','Camper'),
    (108,'http://dummyimage.com/171x100.png/5fa2dd/ffffff','Caliber','true','elettrico',5,1141,'true','Auto'),
    (109,'http://dummyimage.com/153x100.png/ff4444/ffffff','Grand Cherokee','false','benzina',4,770,'false','Auto'),
    (110,'http://dummyimage.com/195x100.png/ff4444/ffffff','Viper','false','metano',3,2378,'true','Camper'),
    (111,'http://dummyimage.com/227x100.png/5fa2dd/ffffff','Grand Voyager','false','metano',3,568,'true','Camper'),
    (112,'http://dummyimage.com/140x100.png/dddddd/000000','A8','false','benzina',2,582,'true','Auto'),
    (113,'http://dummyimage.com/208x100.png/5fa2dd/ffffff','Caravan','true','benzina',4,1334,'false','Auto'),
    (114,'http://dummyimage.com/156x100.png/ff4444/ffffff','D250','true','elettrico',7,1503,'false','Furgone'),
    (115,'http://dummyimage.com/185x100.png/ff4444/ffffff','Impala','false','elettrico',8,767,'false','Camper'),
    (116,'http://dummyimage.com/134x100.png/ff4444/ffffff','911','true','ibrido plug-in diesel',6,2260,'false','Auto'),
    (117,'http://dummyimage.com/183x100.png/ff4444/ffffff','L300','false','ibrido plug-in benzina',4,2594,'false','Auto'),
    (118,'http://dummyimage.com/184x100.png/dddddd/000000','E-Series','true','benzina',3,2112,'true','Camper'),
    (119,'http://dummyimage.com/173x100.png/ff4444/ffffff','Vandura 2500','true','ibrido benzina',2,2966,'false','Auto'),
    (120,'http://dummyimage.com/141x100.png/ff4444/ffffff','Monte Carlo','false','ibrido diesel',7,2179,'true','Furgone'),
    (121,'http://dummyimage.com/171x100.png/ff4444/ffffff','Econoline E250','true','elettrico',7,1534,'false','Furgone'),
    (122,'http://dummyimage.com/141x100.png/cc0000/ffffff','FJ Cruiser','true','elettrico',3,1339,'false','Camper'),
    (123,'http://dummyimage.com/243x100.png/ff4444/ffffff','928','false','ibrido diesel',8,1686,'true','Furgone'),
    (124,'http://dummyimage.com/227x100.png/5fa2dd/ffffff','550','false','metano',2,567,'false','Camper'),
    (125,'http://dummyimage.com/133x100.png/cc0000/ffffff','Galant','true','metano',8,2404,'true','Furgone'),
    (126,'http://dummyimage.com/179x100.png/ff4444/ffffff','Stratus','false','ibrido benzina',3,2705,'false','Auto'),
    (127,'http://dummyimage.com/206x100.png/dddddd/000000','Silverado 2500','true','ibrido plug-in diesel',7,2859,'true','Furgone'),
    (128,'http://dummyimage.com/171x100.png/dddddd/000000','QX','true','ibrido plug-in diesel',5,1965,'true','Furgone'),
    (129,'http://dummyimage.com/214x100.png/dddddd/000000','Aviator','false','diesel',8,1716,'false','Camper'),
    (130,'http://dummyimage.com/191x100.png/cc0000/ffffff','Savana 2500','false','metano',5,1729,'true','Camper'),
    (131,'http://dummyimage.com/200x100.png/dddddd/000000','Taurus','false','GPL',6,1270,'false','Auto'),
    (132,'http://dummyimage.com/105x100.png/cc0000/ffffff','Legacy','true','ibrido benzina',5,2701,'false','Furgone'),
    (133,'http://dummyimage.com/227x100.png/cc0000/ffffff','Camaro','true','elettrico',4,1107,'true','Camper'),
    (134,'http://dummyimage.com/114x100.png/ff4444/ffffff','Miata MX-5','false','elettrico',2,2031,'false','Auto'),
    (135,'http://dummyimage.com/155x100.png/cc0000/ffffff','Mazda6','true','benzina',4,2203,'true','Auto'),
    (136,'http://dummyimage.com/108x100.png/dddddd/000000','Sportage','true','metano',6,876,'false','Auto'),
    (137,'http://dummyimage.com/112x100.png/ff4444/ffffff','Caprice','true','ibrido plug-in diesel',7,2736,'true','Auto'),
    (138,'http://dummyimage.com/199x100.png/ff4444/ffffff','2500 Club Coupe','false','metano',3,1511,'true','Furgone'),
    (139,'http://dummyimage.com/126x100.png/dddddd/000000','F350','false','elettrico',7,1845,'false','Auto'),
    (140,'http://dummyimage.com/208x100.png/dddddd/000000','V70','false','diesel',8,2602,'true','Camper'),
    (141,'http://dummyimage.com/153x100.png/5fa2dd/ffffff','Ram 3500','true','metano',4,2542,'false','Camper'),
    (142,'http://dummyimage.com/139x100.png/cc0000/ffffff','Forester','true','ibrido plug-in benzina',4,2296,'true','Camper'),
    (143,'http://dummyimage.com/177x100.png/5fa2dd/ffffff','E-Class','false','ibrido benzina',7,992,'false','Camper'),
    (144,'http://dummyimage.com/228x100.png/cc0000/ffffff','Diamante','false','ibrido benzina',7,2841,'true','Camper'),
    (145,'http://dummyimage.com/157x100.png/ff4444/ffffff','2500','true','ibrido diesel',2,2737,'false','Camper'),
    (146,'http://dummyimage.com/167x100.png/ff4444/ffffff','300E','false','ibrido benzina',3,2108,'true','Camper'),
    (147,'http://dummyimage.com/178x100.png/ff4444/ffffff','LeMans','false','diesel',8,1231,'true','Camper'),
    (148,'http://dummyimage.com/153x100.png/cc0000/ffffff','928','true','diesel',6,2964,'false','Furgone'),
    (149,'http://dummyimage.com/227x100.png/5fa2dd/ffffff','Express 3500','false','diesel',2,1841,'true','Furgone'),
    (150,'http://dummyimage.com/152x100.png/ff4444/ffffff','Bonneville','true','benzina',6,1249,'true','Auto'),
    (151,'http://dummyimage.com/128x100.png/dddddd/000000','Camry','false','elettrico',6,1099,'false','Furgone'),
    (152,'http://dummyimage.com/195x100.png/ff4444/ffffff','Vanquish S','false','benzina',6,1772,'true','Camper'),
    (153,'http://dummyimage.com/111x100.png/5fa2dd/ffffff','M','true','ibrido plug-in benzina',2,1392,'false','Furgone'),
    (154,'http://dummyimage.com/180x100.png/ff4444/ffffff','Camry','true','ibrido benzina',6,1047,'true','Camper'),
    (155,'http://dummyimage.com/171x100.png/dddddd/000000','M3','true','ibrido diesel',7,1975,'true','Auto'),
    (156,'http://dummyimage.com/151x100.png/cc0000/ffffff','Element','true','ibrido plug-in benzina',8,2762,'true','Auto'),
    (157,'http://dummyimage.com/170x100.png/ff4444/ffffff','Raider','false','ibrido diesel',4,836,'true','Camper'),
    (158,'http://dummyimage.com/161x100.png/dddddd/000000','GTO','true','benzina',8,816,'false','Furgone'),
    (159,'http://dummyimage.com/236x100.png/ff4444/ffffff','FJ Cruiser','true','GPL',2,1293,'false','Furgone'),
    (160,'http://dummyimage.com/153x100.png/5fa2dd/ffffff','9-2X','false','benzina',3,1166,'false','Camper'),
    (161,'http://dummyimage.com/125x100.png/ff4444/ffffff','Colt','false','ibrido diesel',8,2720,'true','Furgone'),
    (162,'http://dummyimage.com/215x100.png/ff4444/ffffff','C-Class','false','GPL',6,806,'true','Furgone'),
    (163,'http://dummyimage.com/245x100.png/5fa2dd/ffffff','Yukon Denali','false','ibrido diesel',2,891,'false','Furgone'),
    (164,'http://dummyimage.com/165x100.png/dddddd/000000','Rabbit','true','elettrico',5,564,'false','Camper'),
    (165,'http://dummyimage.com/121x100.png/dddddd/000000','Cougar','false','ibrido benzina',5,2711,'true','Furgone'),
    (166,'http://dummyimage.com/135x100.png/dddddd/000000','H1','true','diesel',4,2208,'true','Auto'),
    (167,'http://dummyimage.com/176x100.png/5fa2dd/ffffff','100','false','elettrico',4,2214,'false','Auto'),
    (168,'http://dummyimage.com/103x100.png/5fa2dd/ffffff','X-Type','true','ibrido diesel',6,2509,'true','Camper'),
    (169,'http://dummyimage.com/221x100.png/cc0000/ffffff','Endeavor','true','ibrido diesel',4,1061,'true','Auto'),
    (170,'http://dummyimage.com/187x100.png/cc0000/ffffff','Astro','true','elettrico',5,1056,'false','Auto'),
    (171,'http://dummyimage.com/139x100.png/cc0000/ffffff','9-5','true','ibrido diesel',6,1076,'true','Furgone'),
    (172,'http://dummyimage.com/145x100.png/dddddd/000000','1000','false','benzina',4,895,'false','Furgone'),
    (173,'http://dummyimage.com/135x100.png/ff4444/ffffff','Rondo','false','benzina',2,1324,'false','Furgone'),
    (174,'http://dummyimage.com/132x100.png/5fa2dd/ffffff','Rally Wagon 1500','true','metano',8,2275,'true','Camper'),
    (175,'http://dummyimage.com/114x100.png/cc0000/ffffff','Santa Fe','false','benzina',3,1997,'true','Auto'),
    (176,'http://dummyimage.com/133x100.png/ff4444/ffffff','Phaeton','true','ibrido diesel',3,2750,'true','Camper'),
    (177,'http://dummyimage.com/194x100.png/dddddd/000000','Golf','true','ibrido diesel',4,2410,'true','Furgone'),
    (178,'http://dummyimage.com/181x100.png/cc0000/ffffff','Ram Van 3500','false','GPL',4,570,'false','Furgone'),
    (179,'http://dummyimage.com/198x100.png/cc0000/ffffff','Galant','false','GPL',4,2724,'false','Camper'),
    (180,'http://dummyimage.com/136x100.png/5fa2dd/ffffff','Tundra','true','ibrido benzina',7,2558,'true','Auto'),
    (181,'http://dummyimage.com/173x100.png/5fa2dd/ffffff','Swift','true','ibrido plug-in benzina',2,2726,'false','Camper'),
    (182,'http://dummyimage.com/249x100.png/cc0000/ffffff','Estate','true','benzina',2,2513,'true','Auto'),
    (183,'http://dummyimage.com/236x100.png/cc0000/ffffff','Montero','false','ibrido benzina',5,1251,'false','Camper'),
    (184,'http://dummyimage.com/105x100.png/ff4444/ffffff','Summit','true','GPL',3,1415,'false','Camper'),
    (185,'http://dummyimage.com/176x100.png/ff4444/ffffff','XL-7','false','benzina',2,2754,'false','Furgone'),
    (186,'http://dummyimage.com/159x100.png/dddddd/000000','C-Class','false','metano',8,1768,'false','Furgone'),
    (187,'http://dummyimage.com/176x100.png/cc0000/ffffff','G5','true','benzina',6,2424,'true','Furgone'),
    (188,'http://dummyimage.com/229x100.png/dddddd/000000','Concorde','true','GPL',7,2119,'false','Camper'),
    (189,'http://dummyimage.com/161x100.png/ff4444/ffffff','Legacy','false','ibrido plug-in diesel',6,1406,'false','Auto'),
    (190,'http://dummyimage.com/165x100.png/cc0000/ffffff','Nubira','false','ibrido diesel',2,1170,'true','Camper'),
    (191,'http://dummyimage.com/138x100.png/5fa2dd/ffffff','EX','false','metano',8,567,'true','Auto'),
    (192,'http://dummyimage.com/127x100.png/dddddd/000000','SL-Class','true','ibrido plug-in diesel',2,2448,'true','Furgone'),
    (193,'http://dummyimage.com/115x100.png/dddddd/000000','LeSabre','false','ibrido plug-in diesel',8,2904,'false','Furgone'),
    (194,'http://dummyimage.com/114x100.png/dddddd/000000','Mirage','false','benzina',3,871,'true','Furgone'),
    (195,'http://dummyimage.com/144x100.png/ff4444/ffffff','4000s Quattro','false','GPL',4,938,'true','Furgone'),
    (196,'http://dummyimage.com/141x100.png/ff4444/ffffff','Five Hundred','false','benzina',2,2925,'true','Camper'),
    (197,'http://dummyimage.com/169x100.png/ff4444/ffffff','Dakota','true','GPL',6,2417,'false','Camper'),
    (198,'http://dummyimage.com/243x100.png/cc0000/ffffff','Express 3500','true','metano',6,2742,'false','Camper'),
    (199,'http://dummyimage.com/233x100.png/cc0000/ffffff','Legacy','false','ibrido benzina',6,2154,'true','Camper'),
    (200,'http://dummyimage.com/216x100.png/ff4444/ffffff','G-Class','true','ibrido diesel',3,1284,'false','Furgone');

INSERT INTO AZIENDA VALUES
    (1,'Jabbertype',8503992242,'sbratten0@cornell.edu','Emilia-Romagna','Villanova','Sunbrook','94'),
    (2,'Jabberstorm',4449164160,'gkelsow1@sitemeter.com','Veneto','Mestre','Surrey','15'),
    (3,'Twitterbridge',6575939114,'arainville2@google.fr','Veneto','Mestre','Reinke','72'),
    (4,'Aimbo',5379285507,'mcamamile3@nyu.edu','Veneto','Mestre','Holmberg','91'),
    (5,'Skilith',9349105018,'mtolland4@seattletimes.com','Veneto','Padova','Brentwood','39'),
    (6,'Rhybox',2616796270,'tmusterd5@yelp.com','Veneto','Verona','Monica','38'),
    (7,'Jatri',4612028214,'nmccaw6@mediafire.com','Sicilia','Messina','Elka','77'),
    (8,'Jayo',7373658728,'jkenset7@nba.com','Veneto','Padova','Park Meadow','11'),
    (9,'Realcube',3279462157,'plidgett8@vk.com','Emilia-Romagna','Villanova','Anderson','74'),
    (10,'Quatz',3495231701,'mhutfield9@miitbeian.gov.cn','Campania','Napoli','Buell','18'),
    (11,'Zoozzy',3696577370,'tmatusova@geocities.com','Sicilia','Catania','Lakewood','66'),
    (12,'Roodel',6474450430,'wsomervilleb@yahoo.co.jp','Veneto','Mestre','Oak Valley','24'),
    (13,'Meezzy',5531548460,'jfalcoc@go.com','Campania','Napoli','Grasskamp','31'),
    (14,'Quaxo',6851565326,'gmcgradyd@jiathis.com','Friuli-Venezia Giulia','Trieste','Stephen','40'),
    (15,'Topiczoom',7501638662,'hstuchberye@gizmodo.com','Sicilia','Messina','Warbler','75'),
    (16,'Meedoo',3065375491,'ueastmentf@networksolutions.com','Friuli-Venezia Giulia','Trieste','Union','81'),
    (17,'Oyonder',7566845256,'kmalkinsong@sfgate.com','Campania','Napoli','Daystar','78'),
    (18,'Vidoo',5057187596,'rbegginih@technorati.com','Campania','Napoli','Moland','96'),
    (19,'Realblab',5380137048,'fstockwelli@soundcloud.com','Emilia-Romagna','Bologna','Vermont','2'),
    (20,'Lazz',8515756389,'mblazynskij@wix.com','Sicilia','Messina','Vahlen','22'),
    (21,'Eadel',5034759127,'bwaggk@privacy.gov.au','Emilia-Romagna','Bologna','Dorton','40'),
    (22,'Vidoo',3707153827,'ncrannisl@chronoengine.com','Sicilia','Messina','Waywood','92'),
    (23,'Yamia',8382740501,'rgervaisem@mtv.com','Campania','Salerno','School','7'),
    (24,'Zooveo',9728093862,'sstannersn@cargocollective.com','Campania','Napoli','Fair Oaks','5'),
    (25,'Brightdog',6404642301,'wbroadnickeo@example.com','Sicilia','Messina','Jay','62'),
    (26,'Blogpad',8756316362,'dcalterap@answers.com','Sicilia','Messina','Brown','42'),
    (27,'Fatz',6747311311,'kaggisq@chronoengine.com','Veneto','Verona','Stoughton','21'),
    (28,'Blogtag',5610789808,'pfumagallor@utexas.edu','Sicilia','Palermo','Milwaukee','73'),
    (29,'Topicshots',6716969472,'kculmers@nationalgeographic.com','Sicilia','Messina','Northridge','83'),
    (30,'Riffwire',5392845160,'pcrewest@flickr.com','Veneto','Padova','Brickson Park','62'),
    (31,'Edgeclub',7790868503,'cdelafeldu@meetup.com','Veneto','Mestre','Steensland','87'),
    (32,'Trunyx',3355714161,'dburthv@ezinearticles.com','Veneto','Verona','Fieldstone','72'),
    (33,'Yabox',6910563464,'agerrietsw@newyorker.com','Veneto','Padova','Warrior','76'),
    (34,'Yamia',9002626669,'bstanbrookex@nbcnews.com','Veneto','Padova','Hollow Ridge','5'),
    (35,'Edgeblab',8469067254,'hcowlamy@npr.org','Veneto','Padova','Jenna','15'),
    (36,'Topicblab',3209302974,'mbortolussiz@live.com','Sicilia','Messina','Debs','21'),
    (37,'Voonyx',2946105486,'hkaesmans10@tmall.com','Emilia-Romagna','Bologna','Melby','84'),
    (38,'Zoomzone',2553277990,'cnewitt11@nsw.gov.au','Friuli-Venezia Giulia','Trieste','Eagle Crest','57'),
    (39,'Gigabox',6937590226,'rgreaves12@about.com','Veneto','Padova','Waubesa','3'),
    (40,'Twitterbeat',2663193917,'gcawthry13@wiley.com','Campania','Salerno','Scott','75'),
    (41,'Aimbu',1898893564,'cstoile14@webmd.com','Campania','Salerno','Lunder','2'),
    (42,'Eimbee',6794491590,'afleckness15@disqus.com','Campania','Napoli','Ramsey','45'),
    (43,'Oba',1959406615,'awraggs16@zdnet.com','Sicilia','Messina','2nd','76'),
    (44,'Quaxo',5858786140,'vlafflina17@yellowpages.com','Sicilia','Messina','Main','73'),
    (45,'Buzzdog',4972409523,'jlabbey18@apache.org','Sicilia','Messina','Mesta','3'),
    (46,'Oyoba',3561647510,'tmcginney19@ebay.com','Veneto','Venezia','Luster','59'),
    (47,'Myworks',3692569635,'dgiannotti1a@scientificamerican.com','Campania','Salerno','Autumn Leaf','83'),
    (48,'Skilith',2052031034,'gcostelow1b@wordpress.org','Friuli-Venezia Giulia','Trieste','Boyd','85'),
    (49,'Mynte',3053932823,'nemblem1c@canalblog.com','Campania','Napoli','South','96'),
    (50,'Demivee',4356186605,'apechell1d@biblegateway.com','Sicilia','Palermo','Acker','12'),
    (51,'Tagcat',5090025387,'fknill1e@naver.com','Veneto','Venezia','Bartillon','74'),
    (52,'Twitternation',2037809191,'wkleinerman1f@home.pl','Sicilia','Palermo','Hoepker','70'),
    (53,'Lazzy',2358563500,'bgirardez1g@twitpic.com','Campania','Napoli','American','74'),
    (54,'Edgeblab',6117772491,'kpickburn1h@furl.net','Friuli-Venezia Giulia','Trieste','Maryland','60'),
    (55,'Demizz',8524359175,'ebeaumont1i@infoseek.co.jp','Veneto','Padova','Ilene','19'),
    (56,'Miboo',3092227767,'hjoris1j@cnet.com','Veneto','Mestre','Merchant','70'),
    (57,'Tekfly',1336467535,'dpenniall1k@php.net','Veneto','Padova','Straubel','99'),
    (58,'Tazz',5774314810,'beady1l@icq.com','Veneto','Verona','Steensland','28'),
    (59,'Jayo',7851165999,'jfincher1m@unicef.org','Emilia-Romagna','Bologna','Lyons','67'),
    (60,'Babbleset',5268472777,'wgraftonherbert1n@amazon.com','Emilia-Romagna','Villanova','Wayridge','100'),
    (61,'Pixonyx',9429227669,'lmyderscough1o@cocolog-nifty.com','Sicilia','Palermo','Pierstorff','95'),
    (62,'Zoomlounge',3340651647,'apineaux1p@sciencedaily.com','Veneto','Venezia','Center','15'),
    (63,'Meezzy',2176287501,'ypymar1q@opera.com','Sicilia','Messina','Orin','82'),
    (64,'Myworks',4696106995,'vaxtens1r@google.com','Friuli-Venezia Giulia','Trieste','Dakota','15'),
    (65,'Nlounge',6875541154,'jsantry1s@moonfruit.com','Veneto','Venezia','Lighthouse Bay','65'),
    (66,'Roombo',5524398006,'hmatschke1t@blogtalkradio.com','Sicilia','Catania','Goodland','43'),
    (67,'Dabvine',3718980264,'gmacgillavery1u@sfgate.com','Veneto','Verona','Mesta','48'),
    (68,'Quatz',6627887361,'bmcgougan1v@bigcartel.com','Veneto','Verona','Oneill','87'),
    (69,'Tagchat',4418679814,'cblaxlande1w@amazon.de','Emilia-Romagna','Villanova','Dakota','87'),
    (70,'Ainyx',3024674379,'ldefraine1x@amazon.co.uk','Sicilia','Messina','Waxwing','67'),
    (71,'Topicshots',4262605339,'bgreaser1y@seesaa.net','Friuli-Venezia Giulia','Trieste','Lerdahl','81'),
    (72,'Tazz',1547877665,'bmcclinton1z@cbslocal.com','Sicilia','Messina','Macpherson','91'),
    (73,'Mymm',3677433781,'bhallmark20@bloomberg.com','Veneto','Mestre','Lake View','93'),
    (74,'Zoomdog',7140747341,'ltzar21@odnoklassniki.ru','Veneto','Mestre','Orin','29'),
    (75,'Linklinks',2548390125,'jdeangelis22@1688.com','Friuli-Venezia Giulia','Trieste','Brentwood','49'),
    (76,'Feedfire',3030604209,'jbenois23@mac.com','Sicilia','Messina','Helena','93'),
    (77,'Roomm',9819684186,'rvasyukov24@yolasite.com','Sicilia','Palermo','Oxford','51'),
    (78,'Skimia',7294807755,'gbilney25@creativecommons.org','Veneto','Mestre','Fordem','59'),
    (79,'Tazzy',6949325164,'lmaccroary26@networkadvertising.org','Sicilia','Messina','Sycamore','3'),
    (80,'Jamia',3591750717,'upochon27@amazon.com','Veneto','Verona','Sunfield','55'),
    (81,'Voomm',1062842094,'lthaine28@europa.eu','Veneto','Mestre','Hooker','22'),
    (82,'Eimbee',8164362318,'gbeche29@constantcontact.com','Veneto','Verona','David','28'),
    (83,'Meembee',3453983870,'sthaxton2a@github.io','Sicilia','Catania','Green','34'),
    (84,'Skipfire',5344664926,'dpech2b@arizona.edu','Veneto','Padova','Sutteridge','87'),
    (85,'Skajo',4678618354,'jianitti2c@amazonaws.com','Sicilia','Messina','Scoville','64'),
    (86,'Dabtype',7357175121,'tfrangleton2d@dion.ne.jp','Campania','Salerno','Riverside','81'),
    (87,'Realpoint',2661103959,'adanilovic2e@myspace.com','Veneto','Mestre','Ronald Regan','15'),
    (88,'LiveZ',8057705055,'kheersema2f@shinystat.com','Sicilia','Messina','Schlimgen','64'),
    (89,'Devcast',2796007675,'bturle2g@wikipedia.org','Emilia-Romagna','Villanova','Golf View','57'),
    (90,'Zooxo',5645361649,'vritchie2h@amazon.co.uk','Sicilia','Palermo','Debra','44'),
    (91,'Tanoodle',8440946103,'xkleinstub2i@hibu.com','Veneto','Padova','Boyd','38'),
    (92,'Janyx',3027548298,'njoplin2j@columbia.edu','Veneto','Verona','Hansons','99'),
    (93,'Quamba',1492268170,'cborgne2k@youtube.com','Campania','Salerno','Donald','1'),
    (94,'Devshare',6450743589,'ibarsby2l@amazonaws.com','Campania','Salerno','Miller','29'),
    (95,'Youopia',1228895999,'wengel2m@ftc.gov','Sicilia','Messina','Merry','9'),
    (96,'Edgeclub',4327995932,'sbrouwer2n@sbwire.com','Veneto','Mestre','Express','81'),
    (97,'Brightbean',2485235146,'lsircomb2o@vk.com','Campania','Salerno','Larry','50'),
    (98,'Omba',1842657656,'lpurple2p@theguardian.com','Veneto','Verona','Rowland','62'),
    (99,'Meevee',2489976626,'etooby2q@narod.ru','Emilia-Romagna','Villanova','Nelson','52'),
    (100,'Rhynoodle',3826212754,'mmasson2r@gizmodo.com','Sicilia','Messina','Warner','76'),
    (101,'Gabvine',6891618395,'nsaddington2s@nymag.com','Campania','Salerno','Stuart','79'),
    (102,'Yakijo',4147052631,'acoughlin2t@washington.edu','Campania','Napoli','Butterfield','78'),
    (103,'Vidoo',1438498884,'fdracey2u@over-blog.com','Veneto','Padova','Russell','78'),
    (104,'Divape',3521019987,'jleece2v@angelfire.com','Campania','Napoli','Buhler','31'),
    (105,'Livetube',1349877143,'nkilbane2w@xrea.com','Emilia-Romagna','Bologna','Forster','66'),
    (106,'Ainyx',3065604433,'trowberry2x@ibm.com','Sicilia','Messina','Russell','38'),
    (107,'Topicblab',5478254880,'jvanyatin2y@oaic.gov.au','Campania','Napoli','Waywood','27'),
    (108,'Lajo',8499796988,'rmoline2z@ftc.gov','Campania','Napoli','Ruskin','72'),
    (109,'Quinu',6844659911,'vpollok30@lycos.com','Veneto','Mestre','Marcy','8'),
    (110,'Kanoodle',6755390184,'sbaignard31@domainmarket.com','Emilia-Romagna','Bologna','Service','16'),
    (111,'Topicware',4706846925,'rkelly32@usda.gov','Campania','Salerno','Luster','27'),
    (112,'Realbuzz',5042085304,'schapellow33@marriott.com','Sicilia','Messina','Westerfield','55'),
    (113,'Meedoo',8259971586,'ebugby34@arstechnica.com','Sicilia','Catania','Oak','3'),
    (114,'Tambee',5751739680,'gabyss35@nasa.gov','Veneto','Mestre','John Wall','7'),
    (115,'Myworks',2212199793,'emoyle36@ocn.ne.jp','Sicilia','Messina','Dahle','62'),
    (116,'Browsetype',3000104342,'krowles37@fotki.com','Sicilia','Palermo','Bayside','38'),
    (117,'Lazzy',7174525216,'bbyham38@google.fr','Campania','Salerno','Stoughton','91'),
    (118,'Skimia',2103340647,'hbarkworth39@meetup.com','Sicilia','Messina','Hagan','54'),
    (119,'Browsecat',5487503978,'rsalvati3a@dropbox.com','Sicilia','Palermo','5th','79'),
    (120,'Quimba',6591237614,'csuatt3b@mysql.com','Veneto','Verona','Mockingbird','72'),
    (121,'Fiveclub',6135836739,'iyaxley3c@wikispaces.com','Campania','Salerno','Gina','16'),
    (122,'Rhycero',1607625903,'keccott3d@prlog.org','Emilia-Romagna','Bologna','Charing Cross','92'),
    (123,'Brainlounge',2829073160,'bmoneypenny3e@mapy.cz','Friuli-Venezia Giulia','Trieste','Gale','15'),
    (124,'Oyoyo',4457445554,'jerangy3f@slashdot.org','Sicilia','Palermo','Vernon','46'),
    (125,'Brightdog',6276327601,'jspearman3g@latimes.com','Emilia-Romagna','Bologna','Commercial','20'),
    (126,'Feedmix',1069149842,'bmanicomb3h@elpais.com','Veneto','Mestre','Leroy','18'),
    (127,'Realbridge',4452404887,'gdriver3i@dropbox.com','Friuli-Venezia Giulia','Trieste','Lake View','66'),
    (128,'Riffpedia',2636915443,'klarenson3j@earthlink.net','Veneto','Verona','Tennyson','9'),
    (129,'Feednation',7873274805,'ekeysel3k@mail.ru','Sicilia','Messina','Debra','3'),
    (130,'Photofeed',1816339782,'rcomizzoli3l@google.com','Sicilia','Catania','Roxbury','76'),
    (131,'Vimbo',1828531927,'rmcmorran3m@businessweek.com','Sicilia','Messina','Spenser','37'),
    (132,'Demizz',6351840532,'acarlill3n@statcounter.com','Emilia-Romagna','Bologna','Kropf','96'),
    (133,'Tazz',1126573276,'gspence3o@cnn.com','Veneto','Verona','Novick','65'),
    (134,'Roomm',2377234378,'hdutson3p@hud.gov','Sicilia','Messina','Fairfield','78'),
    (135,'Realblab',3676688633,'hhymus3q@usda.gov','Veneto','Venezia','Mesta','81'),
    (136,'Oodoo',8390438631,'tscimonelli3r@springer.com','Emilia-Romagna','Bologna','Oriole','57'),
    (137,'Twiyo',9258470743,'qsteele3s@microsoft.com','Friuli-Venezia Giulia','Trieste','Arkansas','44'),
    (138,'Linkbuzz',7704511519,'jgouinlock3t@guardian.co.uk','Sicilia','Palermo','Calypso','3'),
    (139,'Brainlounge',1525934617,'tahrenius3u@bloglovin.com','Emilia-Romagna','Villanova','6th','93'),
    (140,'Latz',6009466873,'ahenfre3v@taobao.com','Sicilia','Palermo','Manufacturers','34'),
    (141,'Quire',1514428123,'jracher3w@chicagotribune.com','Sicilia','Messina','Nova','71'),
    (142,'Voonder',3752962527,'pdodell3x@nifty.com','Sicilia','Palermo','Superior','40'),
    (143,'Voonix',1846557233,'vburston3y@fda.gov','Emilia-Romagna','Villanova','Calypso','3'),
    (144,'Realcube',3193628222,'sgreenhouse3z@addtoany.com','Veneto','Venezia','Delladonna','67'),
    (145,'Skimia',5889076778,'rbittleson40@state.gov','Emilia-Romagna','Bologna','Arkansas','63'),
    (146,'Shufflebeat',1981299169,'mdingwall41@ovh.net','Sicilia','Palermo','Straubel','54'),
    (147,'Leexo',9992928068,'hdering42@un.org','Sicilia','Messina','Graceland','15'),
    (148,'Lajo',3835867639,'mottee43@privacy.gov.au','Veneto','Padova','Union','32'),
    (149,'Zoomlounge',2748254391,'cdiloway44@hubpages.com','Veneto','Verona','Clyde Gallagher','48'),
    (150,'Quamba',7127010435,'mcheyne45@icq.com','Sicilia','Messina','Oak Valley','90'),
    (151,'Ailane',3458706634,'ramos46@cdc.gov','Campania','Salerno','Erie','52'),
    (152,'Linklinks',3288729531,'bhutchison47@icio.us','Emilia-Romagna','Bologna','Loeprich','38'),
    (153,'Browsezoom',2132829452,'rbolter48@issuu.com','Sicilia','Messina','Superior','72'),
    (154,'Meevee',8172233032,'mgrob49@nyu.edu','Sicilia','Messina','Packers','32'),
    (155,'Twiyo',3594297075,'mmanginot4a@skyrock.com','Emilia-Romagna','Bologna','Namekagon','37'),
    (156,'Skinix',7906913060,'lprivost4b@unblog.fr','Veneto','Verona','Jenna','31'),
    (157,'Oodoo',6130240909,'aheggs4c@china.com.cn','Campania','Napoli','Gerald','7'),
    (158,'Realbridge',9222559465,'gmccord4d@state.tx.us','Sicilia','Messina','Trailsway','57'),
    (159,'Dazzlesphere',9799569560,'smaccaig4e@businessweek.com','Sicilia','Messina','Westerfield','98'),
    (160,'Dabvine',6271038571,'mhousego4f@mozilla.org','Sicilia','Messina','Hallows','86'),
    (161,'Tavu',9473554082,'ptowl4g@1und1.de','Veneto','Verona','Weeping Birch','18'),
    (162,'BlogXS',6591236785,'bpauer4h@unicef.org','Campania','Salerno','Parkside','59'),
    (163,'Mymm',8538521058,'rmonckton4i@php.net','Veneto','Padova','Vahlen','70'),
    (164,'Gigazoom',9583325620,'ocheine4j@stanford.edu','Friuli-Venezia Giulia','Trieste','Little Fleur','46'),
    (165,'Trudoo',1369246203,'ldevita4k@is.gd','Sicilia','Messina','Bartillon','99'),
    (166,'Babbleset',5070457590,'ttempleman4l@deviantart.com','Veneto','Verona','Bultman','85'),
    (167,'Topicstorm',7822685667,'bbeebe4m@last.fm','Sicilia','Messina','Haas','99'),
    (168,'Skajo',5628225634,'etodari4n@marriott.com','Emilia-Romagna','Bologna','Division','80'),
    (169,'Yodo',1578286088,'istyle4o@studiopress.com','Sicilia','Messina','Upham','31'),
    (170,'Twimbo',8578114999,'iduffree4p@1und1.de','Sicilia','Messina','Orin','98'),
    (171,'Yadel',5382169776,'abeecheno4q@i2i.jp','Sicilia','Messina','Almo','94'),
    (172,'Flipstorm',2109389343,'dselkirk4r@abc.net.au','Emilia-Romagna','Bologna','Paget','86'),
    (173,'Voonix',5657773001,'toakenford4s@sitemeter.com','Campania','Salerno','Dwight','25'),
    (174,'Aivee',7727264287,'carnaudet4t@rakuten.co.jp','Sicilia','Messina','Dryden','65'),
    (175,'Eazzy',7346771476,'adent4u@indiatimes.com','Sicilia','Messina','Forest Run','82'),
    (176,'Voomm',6651076859,'bpidler4v@nasa.gov','Veneto','Padova','Derek','59'),
    (177,'Gigazoom',6381025200,'lrassell4w@nasa.gov','Sicilia','Catania','Dovetail','56'),
    (178,'Zoomzone',1582584456,'lmckeney4x@alibaba.com','Emilia-Romagna','Bologna','Almo','85'),
    (179,'Ainyx',1226668189,'cwheal4y@auda.org.au','Sicilia','Messina','Riverside','32'),
    (180,'Yabox',9121512051,'igurney4z@unesco.org','Sicilia','Messina','Green Ridge','6'),
    (181,'Wikibox',5277399467,'eyurlov50@com.com','Friuli-Venezia Giulia','Trieste','Ludington','37'),
    (182,'Topiczoom',2432907436,'kallewell51@devhub.com','Friuli-Venezia Giulia','Trieste','Burrows','96'),
    (183,'Brainsphere',4886322465,'mdickings52@goo.gl','Veneto','Verona','Steensland','48'),
    (184,'Centizu',6036273600,'cschustl53@ezinearticles.com','Campania','Salerno','Buell','57'),
    (185,'Flashpoint',8834059615,'bsmeeth54@eventbrite.com','Sicilia','Palermo','Transport','75'),
    (186,'Trudoo',8746224507,'gskedgell55@cpanel.net','Campania','Salerno','2nd','82'),
    (187,'Zoonoodle',4284739114,'kdaniel56@is.gd','Emilia-Romagna','Bologna','Burrows','87'),
    (188,'Yakijo',6216359899,'osimukov57@utexas.edu','Sicilia','Catania','Nancy','3'),
    (189,'Feednation',6995825350,'ophilps58@constantcontact.com','Campania','Salerno','Vermont','74'),
    (190,'Brightdog',6815739998,'bshakesby59@naver.com','Sicilia','Palermo','Colorado','46'),
    (191,'Mydo',4724622196,'kreinger5a@un.org','Campania','Napoli','3rd','38'),
    (192,'Jaxspan',2254487182,'aaplin5b@boston.com','Sicilia','Messina','Kim','34'),
    (193,'Mycat',9071162014,'dpavlata5c@qq.com','Sicilia','Catania','Transport','21'),
    (194,'Plajo',7973554396,'spuve5d@nytimes.com','Veneto','Padova','Forest Run','32'),
    (195,'Yamia',4262070745,'mohdirscoll5e@google.com.br','Sicilia','Catania','Scoville','52'),
    (196,'Meetz',8829707356,'dtroucher5f@yelp.com','Veneto','Padova','Bunting','27'),
    (197,'Abata',5668833632,'gcleugher5g@barnesandnoble.com','Sicilia','Messina','Hoard','95'),
    (198,'Zoonoodle',3840634667,'dskyner5h@sciencedaily.com','Sicilia','Messina','Lakewood','31'),
    (199,'Quamba',4215542028,'cdeglanville5i@xrea.com','Emilia-Romagna','Bologna','Toban','73'),
    (200,'Shuffletag',3107440413,'bnorthidge5j@cornell.edu','Veneto','Venezia','Hagan','57'),
    (201,'Skalith',9293142325,'aspours5k@nyu.edu','Friuli-Venezia Giulia','Trieste','Amoth','87'),
    (202,'Twiyo',3779224951,'lashleigh5l@csmonitor.com','Veneto','Venezia','Schiller','19'),
    (203,'Fliptune',3397833795,'lheddon5m@timesonline.co.uk','Veneto','Verona','North','32'),
    (204,'InnoZ',6210786911,'epostan5n@pcworld.com','Emilia-Romagna','Bologna','Morningstar','65'),
    (205,'Brainsphere',4394224705,'hrignoldes5o@ted.com','Emilia-Romagna','Bologna','Talisman','45'),
    (206,'Aimbu',3707563556,'ghildrew5p@dmoz.org','Veneto','Venezia','Meadow Valley','20'),
    (207,'Photolist',7213190877,'mewence5q@biblegateway.com','Emilia-Romagna','Bologna','Dunning','26'),
    (208,'Youfeed',7948793087,'ddalessandro5r@wunderground.com','Campania','Napoli','1st','42'),
    (209,'Shufflester',7402521318,'dbebb5s@liveinternet.ru','Campania','Salerno','Monica','71'),
    (210,'Thoughtmix',2632850019,'shartless5t@epa.gov','Veneto','Mestre','Claremont','49'),
    (211,'Brainsphere',1506310310,'hraggett5u@hhs.gov','Veneto','Mestre','Dovetail','92'),
    (212,'Eabox',5381394052,'astedell5v@smh.com.au','Sicilia','Messina','Shasta','35'),
    (213,'Rhycero',8507466943,'lbrocket5w@123-reg.co.uk','Veneto','Padova','Crescent Oaks','10'),
    (214,'Janyx',7487026090,'mgreenham5x@globo.com','Veneto','Mestre','Valley Edge','23'),
    (215,'Dazzlesphere',5934552795,'sdevitt5y@reuters.com','Emilia-Romagna','Bologna','Lillian','81'),
    (216,'Gabcube',2520682023,'dlovemore5z@photobucket.com','Campania','Salerno','Marquette','85'),
    (217,'Thoughtbeat',5772515321,'ecleghorn60@europa.eu','Campania','Salerno','Dahle','88'),
    (218,'Browsezoom',4742176596,'whannam61@ibm.com','Sicilia','Palermo','Pennsylvania','81'),
    (219,'Tekfly',8233214357,'ulongbottom62@apache.org','Veneto','Padova','Lake View','95'),
    (220,'Mymm',9940832085,'mhayles63@canalblog.com','Emilia-Romagna','Bologna','Truax','13'),
    (221,'Camido',6200818381,'cdearnly64@latimes.com','Sicilia','Messina','Bobwhite','46'),
    (222,'Meedoo',6135515637,'toades65@51.la','Sicilia','Palermo','Parkside','16'),
    (223,'Quinu',3883632961,'kbrislawn66@imageshack.us','Emilia-Romagna','Bologna','Hoard','50'),
    (224,'Oyoba',5768687555,'kfitzsymon67@nbcnews.com','Veneto','Mestre','Lukken','21'),
    (225,'Flashset',1639575936,'vashurst68@ocn.ne.jp','Sicilia','Messina','Crescent Oaks','27'),
    (226,'Zooxo',9376466055,'wabbie69@nih.gov','Sicilia','Palermo','Eggendart','93'),
    (227,'Aivee',5887142072,'mchadwin6a@123-reg.co.uk','Veneto','Padova','Leroy','8'),
    (228,'Ozu',2092715156,'gmines6b@china.com.cn','Sicilia','Messina','Kedzie','64'),
    (229,'Flashspan',2428312671,'lfiggs6c@comsenz.com','Sicilia','Messina','Pankratz','1'),
    (230,'Rhycero',4680730801,'hgarth6d@creativecommons.org','Sicilia','Messina','Oak Valley','41'),
    (231,'Demivee',2526544468,'abenedikt6e@lulu.com','Sicilia','Palermo','Lillian','16'),
    (232,'Twimbo',8184438942,'savery6f@slashdot.org','Friuli-Venezia Giulia','Trieste','Melody','51'),
    (233,'Feedmix',9073915607,'bdachey6g@noaa.gov','Campania','Napoli','Drewry','93'),
    (234,'Bluejam',9880599902,'lgorrie6h@symantec.com','Veneto','Verona','Elka','98'),
    (235,'Cogidoo',8222328002,'hplank6i@dagondesign.com','Campania','Napoli','Bultman','99'),
    (236,'Youfeed',3320867718,'dtorritti6j@comsenz.com','Veneto','Verona','Eagan','10'),
    (237,'Quimm',9045454399,'ehumpherson6k@alexa.com','Sicilia','Messina','Sachtjen','92'),
    (238,'Edgeify',4574599381,'ganersen6l@merriam-webster.com','Emilia-Romagna','Villanova','Magdeline','18'),
    (239,'Jaxworks',4351130619,'pgobeau6m@netlog.com','Campania','Napoli','Gina','32'),
    (240,'Skinix',8471751559,'smycock6n@flickr.com','Veneto','Venezia','Amoth','10'),
    (241,'Skajo',5033890187,'mfarens6o@nationalgeographic.com','Sicilia','Palermo','Rigney','3'),
    (242,'Dabfeed',6774538652,'gcheco6p@goodreads.com','Campania','Napoli','Loomis','37'),
    (243,'Voonte',2485287135,'omazzia6q@disqus.com','Sicilia','Palermo','Bartillon','4'),
    (244,'Katz',1741474142,'kabramof6r@mail.ru','Emilia-Romagna','Bologna','Esch','38'),
    (245,'Mynte',5960106310,'hengland6s@unblog.fr','Emilia-Romagna','Villanova','Northridge','19'),
    (246,'Flipbug',7367465162,'sradish6t@rakuten.co.jp','Friuli-Venezia Giulia','Trieste','Laurel','13'),
    (247,'Skiptube',5088170104,'mleser6u@constantcontact.com','Sicilia','Messina','Oakridge','86'),
    (248,'Vitz',1420972981,'mbignold6v@hc360.com','Friuli-Venezia Giulia','Trieste','Arrowood','46'),
    (249,'Rhyzio',1345755894,'emakinson6w@eepurl.com','Veneto','Padova','Merchant','80'),
    (250,'Twitterwire',2528223556,'sbonass6x@ca.gov','Veneto','Verona','Mesta','26');
INSERT INTO AZIENDA VALUES
    (251,'Jaxspan',2409365100,'dstorrah6y@unicef.org','Emilia-Romagna','Bologna','School','73'),
    (252,'Latz',7677654472,'maronovich6z@biglobe.ne.jp','Campania','Napoli','Rutledge','40'),
    (253,'Yombu',7469008467,'bhallitt70@vimeo.com','Veneto','Mestre','Parkside','75'),
    (254,'Minyx',8539079816,'lhalwell71@arizona.edu','Sicilia','Messina','Jackson','49'),
    (255,'Viva',8500174575,'rcleaveland72@loc.gov','Campania','Salerno','Merry','58'),
    (256,'Janyx',6602591220,'cales73@ustream.tv','Friuli-Venezia Giulia','Trieste','Sunfield','42'),
    (257,'Twitterwire',4004535407,'mbogie74@fotki.com','Emilia-Romagna','Bologna','Gale','30'),
    (258,'Podcat',3031259157,'bstreatfeild75@nps.gov','Campania','Napoli','Graceland','59'),
    (259,'Kamba',4859790010,'bzannelli76@amazon.de','Campania','Salerno','Twin Pines','47'),
    (260,'Edgetag',3303169487,'kiacomelli77@indiatimes.com','Sicilia','Messina','Sauthoff','83'),
    (261,'Jaloo',4357191144,'gdarbyshire78@angelfire.com','Campania','Salerno','Arapahoe','54'),
    (262,'Quinu',7762886004,'tovery79@mayoclinic.com','Campania','Salerno','Northridge','82'),
    (263,'BlogXS',4444912110,'jmalcolm7a@zimbio.com','Sicilia','Messina','Daystar','70'),
    (264,'Skaboo',2078034604,'jgeertz7b@discuz.net','Veneto','Padova','Norway Maple','92'),
    (265,'Flashset',9303265396,'tgarlic7c@aboutads.info','Emilia-Romagna','Villanova','Sunbrook','85'),
    (266,'Avamm',9396673849,'amcgrorty7d@storify.com','Sicilia','Messina','Warner','89'),
    (267,'Twitterlist',2658569495,'dvanin7e@bravesites.com','Emilia-Romagna','Villanova','Kedzie','38'),
    (268,'Devify',1312507179,'efitchew7f@reuters.com','Veneto','Mestre','Badeau','88'),
    (269,'Yabox',3936679448,'atamplin7g@ocn.ne.jp','Sicilia','Messina','Leroy','69'),
    (270,'Photolist',7433557809,'aboggers7h@php.net','Sicilia','Messina','Banding','30'),
    (271,'Linkbuzz',2710590090,'nnowland7i@newsvine.com','Veneto','Padova','Sachs','22'),
    (272,'Wikivu',2804876476,'rsabatini7j@etsy.com','Sicilia','Messina','Rutledge','68'),
    (273,'Eayo',5016210283,'tjordine7k@bravesites.com','Emilia-Romagna','Bologna','Lake View','68'),
    (274,'Gabspot',5286802423,'acorrett7l@typepad.com','Sicilia','Messina','Clyde Gallagher','15'),
    (275,'Oozz',5969938053,'ctolomei7m@vkontakte.ru','Campania','Napoli','Badeau','96'),
    (276,'Dablist',7463077010,'hmcguigan7n@elegantthemes.com','Sicilia','Messina','Clarendon','50'),
    (277,'Blogtag',3970462497,'ssummerside7o@ebay.co.uk','Sicilia','Messina','Eastlawn','58'),
    (278,'Jaxbean',4162522541,'pkilcullen7p@chronoengine.com','Emilia-Romagna','Villanova','Prentice','56'),
    (279,'Pixope',9897138756,'dseignior7q@vk.com','Campania','Salerno','Sauthoff','11'),
    (280,'Browsebug',4329284404,'rmanzell7r@fastcompany.com','Sicilia','Messina','Clyde Gallagher','71'),
    (281,'Demivee',3921118002,'nconrart7s@ebay.co.uk','Sicilia','Messina','Mendota','82'),
    (282,'Omba',9719287855,'pzelner7t@virginia.edu','Sicilia','Palermo','Maryland','4'),
    (283,'Skyndu',4624945364,'gpapps7u@sun.com','Emilia-Romagna','Villanova','Nobel','59'),
    (284,'Avamba',5425609583,'dsphinxe7v@qq.com','Sicilia','Messina','American','6'),
    (285,'Zava',9514586494,'amilkins7w@apache.org','Emilia-Romagna','Bologna','Jackson','95'),
    (286,'Layo',7019987843,'mclericoates7x@uiuc.edu','Sicilia','Messina','Vahlen','15'),
    (287,'Ooba',8193830752,'aclay7y@mail.ru','Veneto','Venezia','Steensland','15'),
    (288,'Skipfire',6875347738,'cganforthe7z@amazon.com','Veneto','Padova','Melvin','85'),
    (289,'Mynte',7664177270,'sharewood80@cam.ac.uk','Friuli-Venezia Giulia','Trieste','Larry','66'),
    (290,'Skippad',2982084419,'pmuriel81@psu.edu','Sicilia','Palermo','Sage','51'),
    (291,'Ailane',2946663815,'rdawdary82@exblog.jp','Campania','Napoli','Brickson Park','58'),
    (292,'Cogilith',1246065683,'belsley83@pagesperso-orange.fr','Campania','Napoli','Corben','98'),
    (293,'Feedmix',2274672692,'cfishbie84@europa.eu','Sicilia','Palermo','2nd','87'),
    (294,'Twinder',9966908976,'ldrinkel85@senate.gov','Sicilia','Messina','Brickson Park','96'),
    (295,'Rhyloo',4397217144,'ksheilds86@ebay.co.uk','Veneto','Verona','Schlimgen','63'),
    (296,'Geba',4123592876,'wshorrock87@who.int','Sicilia','Palermo','Manitowish','66'),
    (297,'Realcube',1678439733,'cpaterno88@sitemeter.com','Campania','Salerno','Pierstorff','94'),
    (298,'Bubblebox',7163207155,'clingner89@ucla.edu','Sicilia','Catania','Rieder','81'),
    (299,'Zoomlounge',5430269765,'jbuse8a@comcast.net','Veneto','Verona','Esker','65'),
    (300,'Gigaclub',2244324693,'abaildon8b@biglobe.ne.jp','Sicilia','Messina','Pawling','29');

INSERT INTO OPTIONAL VALUES
    ('Catene da neve','luctus cum sociis natoque penatibus et magnis dis parturient montes nascetur ridiculus mus',80.72,'true'),
    ('Porta Sci','orci mauris lacinia sapien quis libero nullam sit amet turpis elementum ligula',57.04,'true'),
    ('Conducente addizionale','elit ac nulla sed vel enim sit amet nunc viverra dapibus nulla suscipit ligula in lacus curabitur at ipsum ac',51.78,'true'),
    ('Seggiolino per neonato','tortor quis turpis sed ante vivamus tortor duis mattis egestas metus aenean fermentum',82.05,'false'),
    ('Rialzo per bambino','faucibus orci luctus et ultrices posuere cubilia curae duis faucibus accumsan odio curabitur convallis duis consequat',17.71,'false'),
    ('Seggiolino per bambino','eget rutrum at lorem integer tincidunt ante vel ipsum praesent',13.52,'false'),
    ('GPS','eget congue eget semper rutrum nulla nunc purus phasellus in',78.06,'false'),
    ('Wi-Fi router','fusce congue diam id ornare imperdiet sapien urna pretium nisl ut volutpat',56.48,'false'),
    ('Assistenza Stradale','dolor vel est donec odio justo sollicitudin ut suscipit a feugiat et',85.44,'false');

INSERT INTO PATENTE VALUES
    ('AI03495EJ','Leticia','2019-02-25 00:00:00','2027-06-08 00:00:00','http://dummyimage.com/211x100.png/5fa2dd/ffffff'),
    ('KO24856BG','Yasothon','2018-05-28 00:00:00','2025-04-02 00:00:00','http://dummyimage.com/140x100.png/cc0000/ffffff'),
    ('XF03950OH','Presidencia Roque Saenz Pea','2020-08-18 00:00:00','2022-10-16 00:00:00','http://dummyimage.com/205x100.png/ff4444/ffffff'),
    ('GE38329HA','Cipinang','2021-03-20 00:00:00','2021-07-21 00:00:00','http://dummyimage.com/135x100.png/cc0000/ffffff'),
    ('KL32666WY','Duoxiang','2019-04-06 00:00:00','2029-09-17 00:00:00','http://dummyimage.com/184x100.png/cc0000/ffffff'),
    ('XK55480MN','Engenheiro Beltro','2018-12-12 00:00:00','2026-03-03 00:00:00','http://dummyimage.com/222x100.png/5fa2dd/ffffff'),
    ('FZ70290ZL','Youngstown','2020-08-04 00:00:00','2024-03-07 00:00:00','http://dummyimage.com/187x100.png/5fa2dd/ffffff'),
    ('QY64993RM','Milagros','2020-01-25 00:00:00','2028-09-17 00:00:00','http://dummyimage.com/157x100.png/ff4444/ffffff'),
    ('TH21130ZD','Potoni','2019-07-13 00:00:00','2026-10-13 00:00:00','http://dummyimage.com/168x100.png/5fa2dd/ffffff'),
    ('BY95989YW','Savannah','2019-01-24 00:00:00','2027-10-17 00:00:00','http://dummyimage.com/140x100.png/dddddd/000000'),
    ('HQ45060WG','Takaishi','2018-03-10 00:00:00','2027-12-26 00:00:00','http://dummyimage.com/207x100.png/5fa2dd/ffffff'),
    ('BT74590DX','Lincoln','2021-04-03 00:00:00','2029-07-03 00:00:00','http://dummyimage.com/162x100.png/dddddd/000000'),
    ('DM42584AI','Banho e Carvalhosa','2021-02-25 00:00:00','2029-06-14 00:00:00','http://dummyimage.com/144x100.png/dddddd/000000'),
    ('BC14831TU','Zhentian','2020-01-17 00:00:00','2030-01-03 00:00:00','http://dummyimage.com/245x100.png/ff4444/ffffff'),
    ('YU13431ND','Kalangbret','2021-01-16 00:00:00','2024-01-10 00:00:00','http://dummyimage.com/227x100.png/dddddd/000000'),
    ('IG38455MT','Talisayan','2021-04-25 00:00:00','2024-08-31 00:00:00','http://dummyimage.com/166x100.png/5fa2dd/ffffff'),
    ('BU44470LH','Buchlovice','2018-05-24 00:00:00','2024-04-17 00:00:00','http://dummyimage.com/230x100.png/dddddd/000000'),
    ('LN18820VD','Kozelshchyna','2021-03-27 00:00:00','2022-02-14 00:00:00','http://dummyimage.com/159x100.png/5fa2dd/ffffff'),
    ('WW33242ZV','Mankono','2019-10-06 00:00:00','2027-10-25 00:00:00','http://dummyimage.com/148x100.png/cc0000/ffffff'),
    ('IK25938TX','Changgai','2019-09-02 00:00:00','2021-11-10 00:00:00','http://dummyimage.com/196x100.png/5fa2dd/ffffff'),
    ('ZT80081WD','Yangzhong','2018-08-05 00:00:00','2029-06-04 00:00:00','http://dummyimage.com/219x100.png/5fa2dd/ffffff'),
    ('ZU65834UI','Guogan','2018-09-26 00:00:00','2029-07-27 00:00:00','http://dummyimage.com/106x100.png/5fa2dd/ffffff'),
    ('QO84362GO','Yuexi','2019-01-17 00:00:00','2029-03-10 00:00:00','http://dummyimage.com/201x100.png/dddddd/000000'),
    ('JD34585PX','Nanjing','2021-05-09 00:00:00','2029-06-02 00:00:00','http://dummyimage.com/230x100.png/dddddd/000000'),
    ('IN94237QD','Zapala','2018-02-16 00:00:00','2021-09-02 00:00:00','http://dummyimage.com/182x100.png/5fa2dd/ffffff'),
    ('NU07266VO','Sagua de Tanamo','2021-02-09 00:00:00','2028-08-21 00:00:00','http://dummyimage.com/180x100.png/ff4444/ffffff'),
    ('ES75736SB','Uppsala','2021-02-16 00:00:00','2023-05-16 00:00:00','http://dummyimage.com/241x100.png/cc0000/ffffff'),
    ('WP08850JN','Huayacundo Arma','2019-08-24 00:00:00','2030-01-10 00:00:00','http://dummyimage.com/218x100.png/5fa2dd/ffffff'),
    ('RY62479HX','Xihe','2019-01-05 00:00:00','2025-01-04 00:00:00','http://dummyimage.com/200x100.png/5fa2dd/ffffff'),
    ('IO46510XB','Krajan Dukuhseti','2018-04-15 00:00:00','2021-10-05 00:00:00','http://dummyimage.com/172x100.png/cc0000/ffffff'),
    ('VF57301UN','Lagoa Vermelha','2020-01-19 00:00:00','2025-01-16 00:00:00','http://dummyimage.com/151x100.png/ff4444/ffffff'),
    ('IO97981OR','Verkhozim','2018-12-04 00:00:00','2023-04-30 00:00:00','http://dummyimage.com/200x100.png/dddddd/000000'),
    ('OT49231NE','Lady Frere','2020-08-16 00:00:00','2028-08-10 00:00:00','http://dummyimage.com/198x100.png/cc0000/ffffff'),
    ('AX96393IZ','Bailu','2020-11-28 00:00:00','2029-06-28 00:00:00','http://dummyimage.com/166x100.png/ff4444/ffffff'),
    ('HS50758HL','San Pedro','2018-04-10 00:00:00','2024-09-17 00:00:00','http://dummyimage.com/166x100.png/dddddd/000000'),
    ('BS94783UG','Xuji','2021-05-24 00:00:00','2024-03-29 00:00:00','http://dummyimage.com/158x100.png/5fa2dd/ffffff'),
    ('TQ78612TF','Chiscas','2020-02-11 00:00:00','2024-05-10 00:00:00','http://dummyimage.com/127x100.png/cc0000/ffffff'),
    ('KD49560RV','Saitama','2021-01-27 00:00:00','2027-12-30 00:00:00','http://dummyimage.com/125x100.png/cc0000/ffffff'),
    ('LI25589GZ','Orekhovo-Borisovo Severnoye','2018-02-15 00:00:00','2027-01-10 00:00:00','http://dummyimage.com/201x100.png/cc0000/ffffff'),
    ('NH02959BV','Sfax','2020-08-04 00:00:00','2026-08-12 00:00:00','http://dummyimage.com/212x100.png/5fa2dd/ffffff'),
    ('JI01007EV','Beisijiazi','2019-04-01 00:00:00','2027-09-22 00:00:00','http://dummyimage.com/199x100.png/dddddd/000000'),
    ('OM14389VT','Vetlanda','2020-07-21 00:00:00','2029-12-19 00:00:00','http://dummyimage.com/116x100.png/dddddd/000000'),
    ('EI25622WT','Dukuh','2021-05-23 00:00:00','2027-02-12 00:00:00','http://dummyimage.com/211x100.png/ff4444/ffffff'),
    ('PV20319XJ','Berlin','2020-03-23 00:00:00','2024-10-04 00:00:00','http://dummyimage.com/202x100.png/dddddd/000000'),
    ('AG74869DD','Srabah','2018-02-20 00:00:00','2021-10-13 00:00:00','http://dummyimage.com/145x100.png/ff4444/ffffff'),
    ('ML77624LP','Novo Hamburgo','2020-12-24 00:00:00','2023-04-16 00:00:00','http://dummyimage.com/167x100.png/dddddd/000000'),
    ('XT15187RW','Taiyang','2018-12-27 00:00:00','2026-06-16 00:00:00','http://dummyimage.com/161x100.png/dddddd/000000'),
    ('JO87751NW','Bechatow','2019-07-07 00:00:00','2023-09-26 00:00:00','http://dummyimage.com/181x100.png/5fa2dd/ffffff'),
    ('XS55039KK','Konyshevka','2018-03-16 00:00:00','2023-10-18 00:00:00','http://dummyimage.com/222x100.png/ff4444/ffffff'),
    ('UE06058UK','Haixing','2018-12-25 00:00:00','2025-12-25 00:00:00','http://dummyimage.com/175x100.png/ff4444/ffffff'),
    ('YR82449JQ','Huangguan','2018-08-09 00:00:00','2021-11-07 00:00:00','http://dummyimage.com/217x100.png/5fa2dd/ffffff'),
    ('KV80620XO','Lope de Vega','2019-03-10 00:00:00','2024-06-18 00:00:00','http://dummyimage.com/195x100.png/ff4444/ffffff'),
    ('MU34212ML','Bitaogan','2018-09-19 00:00:00','2022-08-23 00:00:00','http://dummyimage.com/187x100.png/cc0000/ffffff'),
    ('CI93346GA','Monastyrshchina','2020-01-31 00:00:00','2028-10-26 00:00:00','http://dummyimage.com/178x100.png/5fa2dd/ffffff'),
    ('KG16291MH','Haokou','2018-06-14 00:00:00','2026-01-03 00:00:00','http://dummyimage.com/100x100.png/5fa2dd/ffffff'),
    ('UR86836RN','LahAn','2021-03-24 00:00:00','2024-04-19 00:00:00','http://dummyimage.com/121x100.png/ff4444/ffffff'),
    ('ED14047SL','Aku','2018-03-04 00:00:00','2027-01-05 00:00:00','http://dummyimage.com/122x100.png/ff4444/ffffff'),
    ('EV02888HI','Nong Kung Si','2020-02-29 00:00:00','2024-06-10 00:00:00','http://dummyimage.com/171x100.png/dddddd/000000'),
    ('TH70418CR','Montauban','2020-12-24 00:00:00','2029-03-29 00:00:00','http://dummyimage.com/220x100.png/dddddd/000000'),
    ('GK36912NH','Aracoiaba da Serra','2020-11-22 00:00:00','2022-12-17 00:00:00','http://dummyimage.com/195x100.png/ff4444/ffffff'),
    ('ZM68086VE','Wujiaying','2021-01-01 00:00:00','2023-09-10 00:00:00','http://dummyimage.com/230x100.png/dddddd/000000'),
    ('CO13992OY','Sinamar','2018-12-23 00:00:00','2028-11-06 00:00:00','http://dummyimage.com/184x100.png/ff4444/ffffff'),
    ('JT49086VC','Suez','2018-11-03 00:00:00','2029-02-11 00:00:00','http://dummyimage.com/229x100.png/5fa2dd/ffffff'),
    ('EN28968TK','Xiaoxiang','2019-03-30 00:00:00','2024-04-08 00:00:00','http://dummyimage.com/132x100.png/cc0000/ffffff'),
    ('ML79375UI','San Carlos','2018-05-07 00:00:00','2026-04-21 00:00:00','http://dummyimage.com/231x100.png/dddddd/000000'),
    ('CE21860RV','Kamenica','2021-03-22 00:00:00','2024-12-10 00:00:00','http://dummyimage.com/129x100.png/5fa2dd/ffffff'),
    ('ZR47489YW','Pacarkeling','2018-12-01 00:00:00','2028-10-17 00:00:00','http://dummyimage.com/220x100.png/dddddd/000000'),
    ('OQ14918RV','Tegarenkrajan','2020-08-24 00:00:00','2025-02-22 00:00:00','http://dummyimage.com/225x100.png/5fa2dd/ffffff'),
    ('DD13251JP','Ruen','2018-02-20 00:00:00','2025-06-10 00:00:00','http://dummyimage.com/166x100.png/ff4444/ffffff'),
    ('DA25411NW','Avignon','2020-08-25 00:00:00','2029-07-25 00:00:00','http://dummyimage.com/247x100.png/dddddd/000000'),
    ('HS30402YK','Medzhibozh','2021-02-18 00:00:00','2027-03-12 00:00:00','http://dummyimage.com/143x100.png/ff4444/ffffff'),
    ('LD95720DO','Carthage','2021-02-02 00:00:00','2029-04-14 00:00:00','http://dummyimage.com/204x100.png/5fa2dd/ffffff'),
    ('TT67555ER','Gabu','2019-06-14 00:00:00','2025-12-24 00:00:00','http://dummyimage.com/137x100.png/cc0000/ffffff'),
    ('FU91539UU','Nianyushan','2019-11-19 00:00:00','2026-05-04 00:00:00','http://dummyimage.com/249x100.png/5fa2dd/ffffff'),
    ('SU98329XW','Chambery','2018-10-29 00:00:00','2024-01-29 00:00:00','http://dummyimage.com/239x100.png/5fa2dd/ffffff'),
    ('OJ86206CZ','Gyr','2019-12-27 00:00:00','2030-04-04 00:00:00','http://dummyimage.com/127x100.png/5fa2dd/ffffff'),
    ('RP04696QF','Panambi','2019-09-21 00:00:00','2022-06-20 00:00:00','http://dummyimage.com/110x100.png/dddddd/000000'),
    ('DK30371LC','El Dividive','2019-01-11 00:00:00','2030-01-06 00:00:00','http://dummyimage.com/197x100.png/cc0000/ffffff'),
    ('JZ27996NP','Banjar Budakeling','2020-04-16 00:00:00','2028-01-03 00:00:00','http://dummyimage.com/230x100.png/dddddd/000000'),
    ('PQ27471BH','Tetri Tsqaro','2018-07-02 00:00:00','2022-11-26 00:00:00','http://dummyimage.com/235x100.png/cc0000/ffffff'),
    ('GK32599AD','Staropyshminsk','2021-02-08 00:00:00','2024-12-18 00:00:00','http://dummyimage.com/201x100.png/dddddd/000000'),
    ('WP31761CL','Layoune / El Aaiun','2018-08-23 00:00:00','2023-11-03 00:00:00','http://dummyimage.com/229x100.png/ff4444/ffffff'),
    ('UD79186TN','Geneve','2020-10-05 00:00:00','2025-02-20 00:00:00','http://dummyimage.com/106x100.png/5fa2dd/ffffff'),
    ('LN03997LO','Machang','2019-03-28 00:00:00','2025-03-18 00:00:00','http://dummyimage.com/231x100.png/5fa2dd/ffffff'),
    ('QF05776YF','Gufeng','2018-09-26 00:00:00','2026-06-09 00:00:00','http://dummyimage.com/115x100.png/ff4444/ffffff'),
    ('ER30242JC','Soko','2018-10-01 00:00:00','2023-10-18 00:00:00','http://dummyimage.com/216x100.png/cc0000/ffffff'),
    ('KI33914HL','Santana','2020-03-05 00:00:00','2024-10-04 00:00:00','http://dummyimage.com/209x100.png/dddddd/000000'),
    ('NG37514VZ','Hechun','2020-05-24 00:00:00','2026-01-12 00:00:00','http://dummyimage.com/107x100.png/5fa2dd/ffffff'),
    ('CS50133ZF','Lukou','2019-12-27 00:00:00','2027-04-16 00:00:00','http://dummyimage.com/170x100.png/ff4444/ffffff'),
    ('TK43166PB','Bayog','2018-03-15 00:00:00','2027-05-23 00:00:00','http://dummyimage.com/155x100.png/ff4444/ffffff'),
    ('KB71128SB','Xingang','2020-07-15 00:00:00','2029-01-01 00:00:00','http://dummyimage.com/150x100.png/cc0000/ffffff'),
    ('EY07180FD','Jajaway','2018-12-14 00:00:00','2026-04-10 00:00:00','http://dummyimage.com/226x100.png/ff4444/ffffff'),
    ('OI65680SB','Pankrushikha','2021-01-18 00:00:00','2027-01-09 00:00:00','http://dummyimage.com/162x100.png/5fa2dd/ffffff'),
    ('OL14734VM','Nueva Gorgona','2020-03-19 00:00:00','2029-05-25 00:00:00','http://dummyimage.com/112x100.png/dddddd/000000'),
    ('NB52245FE','Desa Nasol','2021-01-26 00:00:00','2024-06-27 00:00:00','http://dummyimage.com/212x100.png/5fa2dd/ffffff'),
    ('LQ32039KI','Lin','2020-08-02 00:00:00','2023-09-30 00:00:00','http://dummyimage.com/124x100.png/cc0000/ffffff'),
    ('BP64322QJ','Pirg','2019-07-31 00:00:00','2024-07-28 00:00:00','http://dummyimage.com/146x100.png/5fa2dd/ffffff'),
    ('SA35253KL','Terentang','2020-01-24 00:00:00','2027-08-04 00:00:00','http://dummyimage.com/182x100.png/5fa2dd/ffffff'),
    ('LC64276IP','Al awAmidyah','2021-02-02 00:00:00','2026-01-08 00:00:00','http://dummyimage.com/125x100.png/cc0000/ffffff'),
    ('JY50803YT','Jinjiang','2019-04-15 00:00:00','2026-10-22 00:00:00','http://dummyimage.com/228x100.png/ff4444/ffffff'),
    ('YO84573XA','HAgere Hiywet','2020-08-04 00:00:00','2030-04-06 00:00:00','http://dummyimage.com/199x100.png/5fa2dd/ffffff'),
    ('VG75156OB','Sedlarevo','2019-01-25 00:00:00','2023-09-03 00:00:00','http://dummyimage.com/141x100.png/dddddd/000000'),
    ('EH93850NI','Kotabaru','2020-08-15 00:00:00','2023-08-30 00:00:00','http://dummyimage.com/189x100.png/5fa2dd/ffffff'),
    ('RK66786RY','Vanaton','2018-09-11 00:00:00','2027-04-16 00:00:00','http://dummyimage.com/210x100.png/ff4444/ffffff'),
    ('KD20505XM','Vetlanda','2018-06-07 00:00:00','2029-11-20 00:00:00','http://dummyimage.com/154x100.png/ff4444/ffffff'),
    ('AL61739TY','Amherst','2018-05-28 00:00:00','2026-10-29 00:00:00','http://dummyimage.com/170x100.png/cc0000/ffffff'),
    ('GO54455WY','Kezileboyi','2019-08-28 00:00:00','2025-01-17 00:00:00','http://dummyimage.com/179x100.png/5fa2dd/ffffff'),
    ('OV78845VR','Besisahar','2020-07-07 00:00:00','2030-02-09 00:00:00','http://dummyimage.com/189x100.png/dddddd/000000'),
    ('UT31013VX','Xianghe','2020-09-10 00:00:00','2030-02-25 00:00:00','http://dummyimage.com/236x100.png/ff4444/ffffff'),
    ('GF06443YP','Ke-Macina','2020-11-16 00:00:00','2027-08-24 00:00:00','http://dummyimage.com/169x100.png/cc0000/ffffff'),
    ('VT15632DF','Kuwait City','2018-12-15 00:00:00','2028-04-16 00:00:00','http://dummyimage.com/134x100.png/ff4444/ffffff'),
    ('GT49724GH','Boden','2020-12-28 00:00:00','2023-07-25 00:00:00','http://dummyimage.com/191x100.png/5fa2dd/ffffff'),
    ('UC13327MQ','Bonaberi','2020-11-17 00:00:00','2021-11-22 00:00:00','http://dummyimage.com/208x100.png/5fa2dd/ffffff'),
    ('JR61807EC','Lidong','2021-01-17 00:00:00','2026-08-16 00:00:00','http://dummyimage.com/117x100.png/5fa2dd/ffffff'),
    ('FZ35554AG','Krakow','2021-05-26 00:00:00','2029-06-13 00:00:00','http://dummyimage.com/217x100.png/ff4444/ffffff'),
    ('LJ39832FV','Shijing','2019-10-18 00:00:00','2021-06-01 00:00:00','http://dummyimage.com/111x100.png/ff4444/ffffff'),
    ('VB38609WV','Pandansari','2020-07-24 00:00:00','2028-05-04 00:00:00','http://dummyimage.com/235x100.png/cc0000/ffffff'),
    ('ZN82211WV','Vellinge','2018-07-25 00:00:00','2027-05-23 00:00:00','http://dummyimage.com/109x100.png/ff4444/ffffff'),
    ('GZ70335UX','Asan-Maina Village','2019-03-19 00:00:00','2028-01-18 00:00:00','http://dummyimage.com/145x100.png/5fa2dd/ffffff'),
    ('OH45422LT','Diria','2020-11-26 00:00:00','2022-07-19 00:00:00','http://dummyimage.com/191x100.png/5fa2dd/ffffff'),
    ('WK02517UH','La Carlota','2018-07-22 00:00:00','2025-05-16 00:00:00','http://dummyimage.com/212x100.png/cc0000/ffffff'),
    ('FA10880SZ','Kasonawejo','2018-06-19 00:00:00','2026-05-16 00:00:00','http://dummyimage.com/219x100.png/dddddd/000000'),
    ('SP84267VD','BarisAl','2018-11-13 00:00:00','2021-11-25 00:00:00','http://dummyimage.com/168x100.png/5fa2dd/ffffff'),
    ('CR02434ZW','BAfq','2018-07-27 00:00:00','2026-12-11 00:00:00','http://dummyimage.com/248x100.png/5fa2dd/ffffff'),
    ('SA49965EB','Namballe','2019-10-22 00:00:00','2025-10-22 00:00:00','http://dummyimage.com/218x100.png/cc0000/ffffff'),
    ('CJ73447SY','Al Qur','2020-11-28 00:00:00','2021-09-05 00:00:00','http://dummyimage.com/162x100.png/ff4444/ffffff'),
    ('XX69166CP','Wonocolo','2020-10-16 00:00:00','2025-04-14 00:00:00','http://dummyimage.com/206x100.png/cc0000/ffffff'),
    ('TR18650EX','Fuquan','2019-03-18 00:00:00','2024-10-24 00:00:00','http://dummyimage.com/143x100.png/5fa2dd/ffffff'),
    ('LU40486SV','Koper','2018-11-30 00:00:00','2025-12-10 00:00:00','http://dummyimage.com/147x100.png/ff4444/ffffff'),
    ('DC67195HT','Kaca','2018-12-06 00:00:00','2025-11-05 00:00:00','http://dummyimage.com/196x100.png/5fa2dd/ffffff'),
    ('JS44736HD','Ryczywo','2018-07-18 00:00:00','2024-08-20 00:00:00','http://dummyimage.com/191x100.png/5fa2dd/ffffff'),
    ('HT65224CA','Sinamaica','2020-10-30 00:00:00','2022-01-14 00:00:00','http://dummyimage.com/119x100.png/dddddd/000000'),
    ('PY43632HW','Gowa','2018-09-23 00:00:00','2022-11-07 00:00:00','http://dummyimage.com/143x100.png/ff4444/ffffff'),
    ('XM32500NE','Mautapaga Bawah','2020-01-15 00:00:00','2021-06-30 00:00:00','http://dummyimage.com/215x100.png/cc0000/ffffff'),
    ('KP20887IJ','Arcos de Valdevez','2019-07-05 00:00:00','2026-11-12 00:00:00','http://dummyimage.com/180x100.png/dddddd/000000'),
    ('WX66432GO','Chruszczobrod','2020-10-24 00:00:00','2023-05-23 00:00:00','http://dummyimage.com/183x100.png/5fa2dd/ffffff'),
    ('FI98866IH','Tabuadelo','2018-09-24 00:00:00','2027-01-22 00:00:00','http://dummyimage.com/168x100.png/ff4444/ffffff'),
    ('HL87006TN','Liushi','2020-04-05 00:00:00','2022-07-03 00:00:00','http://dummyimage.com/176x100.png/dddddd/000000'),
    ('OE67669UI','Passo','2018-04-05 00:00:00','2024-10-16 00:00:00','http://dummyimage.com/107x100.png/ff4444/ffffff'),
    ('YS71466QY','Houba','2021-05-07 00:00:00','2027-03-11 00:00:00','http://dummyimage.com/208x100.png/dddddd/000000'),
    ('UV30067XI','Woken','2018-09-12 00:00:00','2023-05-01 00:00:00','http://dummyimage.com/149x100.png/cc0000/ffffff'),
    ('WU61698JD','Cajica','2019-08-10 00:00:00','2021-08-30 00:00:00','http://dummyimage.com/168x100.png/cc0000/ffffff'),
    ('TA14982XX','Jiegan','2020-01-18 00:00:00','2027-07-18 00:00:00','http://dummyimage.com/219x100.png/cc0000/ffffff'),
    ('RH86980FW','Sergiyev Posad','2020-01-15 00:00:00','2023-09-03 00:00:00','http://dummyimage.com/138x100.png/ff4444/ffffff'),
    ('ZA51864WT','Wonorejo','2018-05-07 00:00:00','2023-06-24 00:00:00','http://dummyimage.com/249x100.png/5fa2dd/ffffff'),
    ('EL18871VH','Cervantes','2019-03-20 00:00:00','2024-07-22 00:00:00','http://dummyimage.com/138x100.png/5fa2dd/ffffff'),
    ('ZG63832BG','Chumphon Buri','2018-07-29 00:00:00','2022-05-17 00:00:00','http://dummyimage.com/245x100.png/cc0000/ffffff'),
    ('YA76531QE','Shangju','2019-09-17 00:00:00','2029-02-13 00:00:00','http://dummyimage.com/187x100.png/dddddd/000000'),
    ('GL89632RL','Tumaco','2019-01-26 00:00:00','2029-05-13 00:00:00','http://dummyimage.com/116x100.png/cc0000/ffffff'),
    ('NO49475RI','Dongqianhu','2020-04-24 00:00:00','2023-02-19 00:00:00','http://dummyimage.com/163x100.png/5fa2dd/ffffff'),
    ('MG85899SJ','Hongsung','2020-10-02 00:00:00','2028-03-24 00:00:00','http://dummyimage.com/186x100.png/5fa2dd/ffffff'),
    ('BC15227OO','Caringin','2018-06-11 00:00:00','2025-08-08 00:00:00','http://dummyimage.com/119x100.png/ff4444/ffffff'),
    ('JR80182LI','Waitakere','2018-08-30 00:00:00','2024-08-01 00:00:00','http://dummyimage.com/228x100.png/dddddd/000000'),
    ('KS27816MY','Naranjos','2018-05-22 00:00:00','2027-03-02 00:00:00','http://dummyimage.com/121x100.png/ff4444/ffffff'),
    ('SL37161HX','Linxi','2020-01-07 00:00:00','2027-08-05 00:00:00','http://dummyimage.com/137x100.png/cc0000/ffffff'),
    ('YU42229MZ','Tunis','2018-05-19 00:00:00','2026-10-22 00:00:00','http://dummyimage.com/224x100.png/ff4444/ffffff'),
    ('YB07648QB','Muriae','2019-08-25 00:00:00','2021-12-28 00:00:00','http://dummyimage.com/114x100.png/dddddd/000000'),
    ('PS97193SC','Pyrzyce','2021-04-05 00:00:00','2029-09-02 00:00:00','http://dummyimage.com/205x100.png/5fa2dd/ffffff'),
    ('LW95843RR','Ntonggu','2019-04-10 00:00:00','2022-03-08 00:00:00','http://dummyimage.com/143x100.png/cc0000/ffffff'),
    ('ZO04440CK','Guitang','2019-08-04 00:00:00','2029-04-22 00:00:00','http://dummyimage.com/114x100.png/cc0000/ffffff'),
    ('YN48089NP','Fotolivos','2020-06-21 00:00:00','2023-11-17 00:00:00','http://dummyimage.com/175x100.png/ff4444/ffffff'),
    ('SS60482HL','Lakateng','2020-01-15 00:00:00','2024-07-18 00:00:00','http://dummyimage.com/123x100.png/ff4444/ffffff'),
    ('TV95638SN','Anchorage','2020-07-11 00:00:00','2025-01-06 00:00:00','http://dummyimage.com/237x100.png/dddddd/000000'),
    ('DI53056CX','Kwolla','2018-10-28 00:00:00','2028-06-22 00:00:00','http://dummyimage.com/152x100.png/ff4444/ffffff'),
    ('VZ92354NP','Florencio Sanchez','2018-11-01 00:00:00','2023-11-11 00:00:00','http://dummyimage.com/149x100.png/ff4444/ffffff'),
    ('LQ48537YP','Hangchuan','2020-11-17 00:00:00','2023-07-23 00:00:00','http://dummyimage.com/172x100.png/ff4444/ffffff'),
    ('JL34960ID','Vicente Guerrero','2019-08-14 00:00:00','2026-02-03 00:00:00','http://dummyimage.com/132x100.png/cc0000/ffffff'),
    ('NK99627EP','Independencia','2018-06-02 00:00:00','2022-11-13 00:00:00','http://dummyimage.com/231x100.png/5fa2dd/ffffff'),
    ('UP54446EH','Murca','2019-09-25 00:00:00','2026-03-03 00:00:00','http://dummyimage.com/171x100.png/ff4444/ffffff'),
    ('WJ26783WF','Arenas','2019-06-09 00:00:00','2021-12-19 00:00:00','http://dummyimage.com/169x100.png/5fa2dd/ffffff'),
    ('QY72751KH','Carapo','2019-04-03 00:00:00','2029-03-22 00:00:00','http://dummyimage.com/165x100.png/dddddd/000000'),
    ('JQ56994AM','Semrom','2021-04-20 00:00:00','2027-08-15 00:00:00','http://dummyimage.com/175x100.png/cc0000/ffffff'),
    ('PE40111VP','Minle','2019-10-05 00:00:00','2024-08-24 00:00:00','http://dummyimage.com/149x100.png/dddddd/000000'),
    ('KM32267TI','agios Petros','2021-05-02 00:00:00','2024-10-19 00:00:00','http://dummyimage.com/124x100.png/5fa2dd/ffffff'),
    ('JI28993SW','Trstenik','2018-08-23 00:00:00','2023-10-06 00:00:00','http://dummyimage.com/211x100.png/5fa2dd/ffffff'),
    ('HP39997MG','Rtishchevo','2018-04-11 00:00:00','2025-09-09 00:00:00','http://dummyimage.com/184x100.png/dddddd/000000'),
    ('LS01296ST','Amaraji','2019-12-17 00:00:00','2026-07-26 00:00:00','http://dummyimage.com/136x100.png/cc0000/ffffff'),
    ('WB46896YV','Pishaj','2020-05-13 00:00:00','2023-04-15 00:00:00','http://dummyimage.com/190x100.png/cc0000/ffffff'),
    ('OL28957NE','Dallas','2018-04-25 00:00:00','2026-12-21 00:00:00','http://dummyimage.com/203x100.png/ff4444/ffffff'),
    ('OA30815TD','Uujim','2020-07-06 00:00:00','2021-06-07 00:00:00','http://dummyimage.com/158x100.png/cc0000/ffffff'),
    ('ZN40969JZ','Chixi','2020-06-09 00:00:00','2025-03-26 00:00:00','http://dummyimage.com/188x100.png/ff4444/ffffff'),
    ('KB74194RD','Lukove','2021-04-19 00:00:00','2024-11-25 00:00:00','http://dummyimage.com/169x100.png/ff4444/ffffff'),
    ('UA47097TU','Daruoyan','2019-06-08 00:00:00','2025-09-16 00:00:00','http://dummyimage.com/231x100.png/5fa2dd/ffffff'),
    ('EQ53782BS','Wantian','2018-06-27 00:00:00','2023-10-31 00:00:00','http://dummyimage.com/205x100.png/dddddd/000000'),
    ('KZ06264TI','Montalvo','2020-03-24 00:00:00','2027-09-24 00:00:00','http://dummyimage.com/123x100.png/ff4444/ffffff'),
    ('LM34492GT','Dubreka','2021-01-07 00:00:00','2024-11-24 00:00:00','http://dummyimage.com/181x100.png/5fa2dd/ffffff'),
    ('DU41497VB','Moyo','2020-01-07 00:00:00','2023-11-22 00:00:00','http://dummyimage.com/217x100.png/5fa2dd/ffffff'),
    ('YR30000FG','Prigrevica','2020-01-22 00:00:00','2025-07-24 00:00:00','http://dummyimage.com/231x100.png/cc0000/ffffff'),
    ('BT47783JV','Tawali','2019-07-23 00:00:00','2024-03-13 00:00:00','http://dummyimage.com/150x100.png/dddddd/000000'),
    ('DP63490XB','Kajanan','2020-08-25 00:00:00','2025-02-11 00:00:00','http://dummyimage.com/154x100.png/cc0000/ffffff'),
    ('SY84213PU','Pushkino','2018-12-17 00:00:00','2022-08-15 00:00:00','http://dummyimage.com/217x100.png/cc0000/ffffff'),
    ('SB41669MB','Tadou','2021-05-23 00:00:00','2029-09-16 00:00:00','http://dummyimage.com/119x100.png/5fa2dd/ffffff'),
    ('UT13903EV','Liuli','2019-07-07 00:00:00','2025-07-20 00:00:00','http://dummyimage.com/150x100.png/5fa2dd/ffffff'),
    ('LF22439KL','So Jose','2020-04-22 00:00:00','2021-11-21 00:00:00','http://dummyimage.com/250x100.png/5fa2dd/ffffff'),
    ('JI46931AO','Le Mans','2019-06-06 00:00:00','2029-03-23 00:00:00','http://dummyimage.com/249x100.png/5fa2dd/ffffff'),
    ('IR90438KU','Bislig','2019-11-01 00:00:00','2028-12-31 00:00:00','http://dummyimage.com/111x100.png/5fa2dd/ffffff'),
    ('SA66885UY','Krasnoznamensk','2020-10-26 00:00:00','2027-11-10 00:00:00','http://dummyimage.com/114x100.png/cc0000/ffffff'),
    ('DU81534YP','Espargos','2018-03-14 00:00:00','2023-11-27 00:00:00','http://dummyimage.com/178x100.png/dddddd/000000'),
    ('DG41749XH','Alabug','2018-10-20 00:00:00','2026-03-27 00:00:00','http://dummyimage.com/152x100.png/dddddd/000000'),
    ('TJ43506BF','Tangyin','2018-04-28 00:00:00','2022-07-10 00:00:00','http://dummyimage.com/212x100.png/cc0000/ffffff');

INSERT INTO CARTA VALUES
    (5108751199807643,'mastercard','2023-12-10 00:00:00','Ezechiel Aspinal'),
    (5048375015603565,'mastercard','2027-03-05 00:00:00','Winifred Lissemore'),
    (5100171195570947,'mastercard','2022-02-23 00:00:00','Riobard Syphus'),
    (5007662814429469,'mastercard','2026-09-20 00:00:00','Burton Litel'),
    (5100174766885942,'mastercard','2027-04-21 00:00:00','Chan Askey'),
    (5048371858072844,'mastercard','2023-11-30 00:00:00','Constancy Realy'),
    (5203182166035618,'mastercard','2026-11-27 00:00:00','Carolus Pady'),
    (5100173452485850,'mastercard','2026-01-30 00:00:00','Bent Yerbury'),
    (5010122719279662,'mastercard','2023-04-11 00:00:00','Marsha Langtry'),
    (5100143889468803,'mastercard','2023-10-27 00:00:00','Rutger Olenikov'),
    (5108757612517370,'mastercard','2024-08-18 00:00:00','Brooke Simonian'),
    (5111969346670269,'mastercard','2023-07-02 00:00:00','Rycca Obispo'),
    (5048375077376829,'mastercard','2023-11-13 00:00:00','Margarita Heeney'),
    (5048375347129511,'mastercard','2021-12-17 00:00:00','Dulsea Vanichkov'),
    (5010120102371898,'mastercard','2021-10-14 00:00:00','Clevey Mathely'),
    (5108759894058958,'mastercard','2026-05-20 00:00:00','Marketa McDonell'),
    (5261051337560177,'mastercard','2023-04-12 00:00:00','Lemar Glanfield'),
    (5542033713297534,'mastercard','2021-06-07 00:00:00','Jamesy Streeting'),
    (5100145669501596,'mastercard','2022-04-15 00:00:00','Rosella Boyce'),
    (5048375083635069,'mastercard','2026-05-06 00:00:00','Ado Packwood'),
    (5349365464023866,'mastercard','2025-11-29 00:00:00','Martie Holby'),
    (5100148598638935,'mastercard','2021-10-15 00:00:00','Armand Cayley'),
    (5391389342611798,'mastercard','2021-05-21 00:00:00','Gunther Corker'),
    (5100170334762431,'mastercard','2024-03-30 00:00:00','Brittany Itzchaki'),
    (5048376787870432,'mastercard','2025-03-15 00:00:00','Barr Cansdall'),
    (5100148116665022,'mastercard','2023-03-24 00:00:00','Pollyanna Bordessa'),
    (5002355384623729,'mastercard','2027-06-14 00:00:00','Ailina Philbrook'),
    (5010123568107517,'mastercard','2021-07-03 00:00:00','Matias Harpham'),
    (5007662500681332,'mastercard','2027-03-04 00:00:00','Jens Shilvock'),
    (5179627094914904,'mastercard','2023-05-03 00:00:00','Alana Thornley'),
    (5354488798205165,'mastercard','2026-02-13 00:00:00','Donella Yannikov'),
    (5010125478128962,'mastercard','2026-05-28 00:00:00','Elsa Bentham'),
    (5258507222909329,'mastercard','2025-04-19 00:00:00','Pepito Zettoi'),
    (5447573412573244,'mastercard','2027-05-04 00:00:00','Maggi Mayhou'),
    (5412435952464989,'mastercard','2026-08-05 00:00:00','Richard Biglin'),
    (5100143335290009,'mastercard','2024-11-30 00:00:00','Burg Orfeur'),
    (5002359854471874,'mastercard','2025-10-12 00:00:00','Reilly Beinisch'),
    (5048372423468509,'mastercard','2023-03-23 00:00:00','Art Sidle'),
    (5280172899814591,'mastercard','2025-08-02 00:00:00','Ahmed Mattson'),
    (5048370682222005,'mastercard','2026-01-25 00:00:00','Florentia Reddihough'),
    (5010126507325140,'mastercard','2022-02-08 00:00:00','Errick Pennell'),
    (5304589787281074,'mastercard','2024-10-04 00:00:00','Julio Steadman'),
    (5574944916731924,'mastercard','2024-11-26 00:00:00','Linette Jedrachowicz'),
    (5500920030920220,'mastercard','2024-02-06 00:00:00','Sidoney Scholar'),
    (5253604700192646,'mastercard','2024-09-25 00:00:00','Tremain Shubotham'),
    (5100176105318576,'mastercard','2023-05-22 00:00:00','Isador Dudney'),
    (5100176356406476,'mastercard','2025-06-15 00:00:00','Roth Lysons'),
    (5007667048786253,'mastercard','2023-05-17 00:00:00','Shaun Marvel'),
    (5417418769601196,'mastercard','2021-12-08 00:00:00','Corrie Ranken'),
    (5244515629312440,'mastercard','2024-08-14 00:00:00','Sari Tschiersch'),
    (5007660261603230,'mastercard','2026-11-25 00:00:00','Erhart Pippin'),
    (5007667085723342,'mastercard','2025-06-09 00:00:00','Portie Iacovacci'),
    (5048374883091656,'mastercard','2021-06-16 00:00:00','Dillon Kleint'),
    (5508319359227683,'mastercard','2021-05-29 00:00:00','Maryanna Vernazza'),
    (5371783180599681,'mastercard','2025-07-23 00:00:00','Bethany Gathwaite'),
    (5108756701746361,'mastercard','2026-08-31 00:00:00','Benedikta Stedson'),
    (5418985106912725,'mastercard','2021-10-19 00:00:00','Bar Goranov'),
    (5048374126183492,'mastercard','2024-09-26 00:00:00','Vivyan Falconar'),
    (5372323412136611,'mastercard','2022-07-08 00:00:00','Johannes Dicty'),
    (5100173172293733,'mastercard','2026-04-15 00:00:00','Jacqueline Dockray'),
    (5100171500633216,'mastercard','2026-11-12 00:00:00','Ozzie Beebis'),
    (5100139942806492,'mastercard','2026-11-29 00:00:00','Burk Weems'),
    (5048376664295844,'mastercard','2025-02-15 00:00:00','Elaine Scrase'),
    (5010120956243409,'mastercard','2025-11-24 00:00:00','Berrie Lapthorne'),
    (5002356300131631,'mastercard','2027-03-27 00:00:00','Trina Keegan'),
    (5327180327226309,'mastercard','2023-07-07 00:00:00','Eduino Jacketts'),
    (5002350064945716,'mastercard','2023-12-09 00:00:00','Daniela Smalley'),
    (5007664983738621,'mastercard','2024-08-19 00:00:00','Bibbye Plaice'),
    (5373855181267175,'mastercard','2026-12-10 00:00:00','Lyman Mulles'),
    (5100140935611253,'mastercard','2025-03-22 00:00:00','Tommie Prickett'),
    (5488616037889071,'mastercard','2021-05-13 00:00:00','Karry Whightman'),
    (5010125575830429,'mastercard','2024-01-21 00:00:00','Guss Sivil'),
    (5423492106724443,'mastercard','2022-03-16 00:00:00','Kendall Otteridge'),
    (5217598900713513,'mastercard','2023-06-11 00:00:00','Royall Tiebe'),
    (5259990785156869,'mastercard','2026-10-14 00:00:00','Arri Orth'),
    (5007663704387585,'mastercard','2024-03-22 00:00:00','Gabie Sockell'),
    (5002354511419036,'mastercard','2022-01-28 00:00:00','Orville Harnell'),
    (5002354236265755,'mastercard','2027-03-16 00:00:00','Anna-diana Collum'),
    (5002354429337999,'mastercard','2024-06-27 00:00:00','Ardyth Truter'),
    (5007665013788528,'mastercard','2025-05-30 00:00:00','Martainn Tesyro'),
    (5312408911769971,'mastercard','2025-01-08 00:00:00','Linnet Androlli'),
    (5100132466751590,'mastercard','2025-09-09 00:00:00','Latrina Wickardt'),
    (5301264004200819,'mastercard','2026-08-19 00:00:00','Dari Bage'),
    (5010121431715672,'mastercard','2026-06-06 00:00:00','Elnar Cookley'),
    (5048379209918250,'mastercard','2025-01-14 00:00:00','Gwenni Lambeth'),
    (5437732962590899,'mastercard','2024-03-12 00:00:00','Willyt Puttrell'),
    (5326912572543405,'mastercard','2021-05-24 00:00:00','Westbrook Coleborn'),
    (5002354370264697,'mastercard','2025-03-02 00:00:00','Sharona Norway'),
    (5002356807009082,'mastercard','2024-12-08 00:00:00','Guthrie McTrustam'),
    (5010126460382377,'mastercard','2022-06-11 00:00:00','Corette Bunkle'),
    (5565881464085959,'mastercard','2026-07-28 00:00:00','Simeon Wooff'),
    (5100176208681391,'mastercard','2025-07-01 00:00:00','Shirleen Buddles'),
    (5002353846138451,'mastercard','2026-06-03 00:00:00','Constantia Febvre'),
    (5581584449387959,'mastercard','2025-03-09 00:00:00','Nickolai Axleby'),
    (5100140052609189,'mastercard','2021-08-13 00:00:00','Earlie Bilofsky'),
    (5010121235220853,'mastercard','2022-12-19 00:00:00','Bree Scougal'),
    (5100178892926017,'mastercard','2026-09-12 00:00:00','Lotty Wedon'),
    (5108750009717687,'mastercard','2024-08-14 00:00:00','Dolf Ruthen'),
    (5007669879743957,'mastercard','2026-12-26 00:00:00','Shalna Gouldie'),
    (5108751484856818,'mastercard','2024-09-01 00:00:00','Susie Beeton'),
    (5421988384484768,'mastercard','2023-08-06 00:00:00','Dew Yansons'),
    (5305039371611657,'mastercard','2023-10-07 00:00:00','Seth Bowld'),
    (5299101646620372,'mastercard','2025-12-25 00:00:00','Penny Van Waadenburg'),
    (5320262381348836,'mastercard','2021-09-10 00:00:00','Laney Kettlewell'),
    (5108758481514621,'mastercard','2021-07-05 00:00:00','Venus Kleinsinger'),
    (5458930572907388,'mastercard','2021-06-18 00:00:00','Stanly Mennear'),
    (5100139626504561,'mastercard','2023-05-16 00:00:00','Meir Menpes'),
    (5583297691920439,'mastercard','2025-02-12 00:00:00','Codee Catford'),
    (5571991997537020,'mastercard','2022-03-04 00:00:00','Alaric Matteacci'),
    (5048375639746568,'mastercard','2027-04-27 00:00:00','Hilary Madner'),
    (5351843489724564,'mastercard','2024-10-08 00:00:00','Edy Culbard'),
    (5100134859024189,'mastercard','2026-12-03 00:00:00','Marieann Hellyer'),
    (5373462405315789,'mastercard','2025-03-21 00:00:00','Pete Dennison'),
    (5010120810105174,'mastercard','2024-02-12 00:00:00','Amalita Balshaw'),
    (5100148253440478,'mastercard','2022-11-11 00:00:00','Elinore Kernock'),
    (5100137956693707,'mastercard','2026-01-19 00:00:00','Patrizius Stairmand'),
    (5507871340954321,'mastercard','2026-05-10 00:00:00','Jennette Mew'),
    (5100130509032424,'mastercard','2026-11-29 00:00:00','Myrilla Dankov'),
    (5256400013173291,'mastercard','2021-06-16 00:00:00','Bearnard Smoth'),
    (5265035437784460,'mastercard','2024-09-22 00:00:00','Con Spinello'),
    (5128504712050209,'mastercard','2022-02-11 00:00:00','Thomas McPharlain'),
    (5561605187677030,'mastercard','2026-07-11 00:00:00','Jenn Ramshaw'),
    (5151630596766923,'mastercard','2027-05-10 00:00:00','Belita Bwye'),
    (5002354669517748,'mastercard','2021-10-01 00:00:00','Morlee Evequot'),
    (5100144337542314,'mastercard','2022-03-02 00:00:00','Ellen Lehrahan'),
    (5503844855134500,'mastercard','2023-10-26 00:00:00','Adolf Martinets'),
    (5100139455746119,'mastercard','2027-05-05 00:00:00','Merwin Iley'),
    (5100135360239349,'mastercard','2025-10-17 00:00:00','Trudie Goodinge'),
    (5493667579932475,'mastercard','2025-08-07 00:00:00','Leola Lowey'),
    (5200460204811189,'mastercard','2025-01-28 00:00:00','Vernice Uff'),
    (5100139745616544,'mastercard','2026-04-19 00:00:00','Hildegaard Cragg'),
    (5388760895506988,'mastercard','2022-04-19 00:00:00','Basilius Lowndsbrough'),
    (5476422048700017,'mastercard','2023-06-29 00:00:00','Laurella Lyles'),
    (5357089205050470,'mastercard','2022-07-18 00:00:00','Hillard Ropkins'),
    (5100147231237535,'mastercard','2022-09-27 00:00:00','Bellina Orrum'),
    (5002354226490751,'mastercard','2026-04-07 00:00:00','Jenni Scarff'),
    (5100176056940600,'mastercard','2025-02-20 00:00:00','Aprilette Ford'),
    (5100149833113452,'mastercard','2022-02-15 00:00:00','Ardeen Cownden'),
    (5100143645077906,'mastercard','2023-11-12 00:00:00','Halimeda Killgus'),
    (5010124612387626,'mastercard','2026-12-16 00:00:00','Levy Parmiter'),
    (5458918427373583,'mastercard','2025-03-31 00:00:00','Kit Courteney'),
    (5322612397215817,'mastercard','2022-01-24 00:00:00','Rosalie Rutigliano'),
    (5002357060758878,'mastercard','2026-08-04 00:00:00','Danette Philipeau'),
    (5010120433767038,'mastercard','2026-09-14 00:00:00','Kipp Tapping'),
    (5010123188958109,'mastercard','2021-05-08 00:00:00','Lukas Nezey'),
    (5108752736410651,'mastercard','2026-09-05 00:00:00','Rollo Cordey'),
    (5007662605230597,'mastercard','2026-08-29 00:00:00','Riki Pittman'),
    (5002355735964285,'mastercard','2022-06-08 00:00:00','Jere Tomblett'),
    (5108752386336610,'mastercard','2027-05-17 00:00:00','Aloise Turnbull'),
    (5100140336977667,'mastercard','2023-06-04 00:00:00','Hughie Klebes'),
    (5444008293722688,'mastercard','2024-12-17 00:00:00','Devin Pott'),
    (5254049515607108,'mastercard','2025-03-20 00:00:00','Wyatan Duigan'),
    (5100134379418606,'mastercard','2023-08-29 00:00:00','Stanwood Jessett'),
    (5108751067889327,'mastercard','2026-03-02 00:00:00','Barbara Tonepohl'),
    (5279860723560868,'mastercard','2023-11-30 00:00:00','Virge MacCallam'),
    (5421922318314726,'mastercard','2023-06-04 00:00:00','Goldie Murrill'),
    (5048377938833626,'mastercard','2022-12-06 00:00:00','Niccolo Beswick'),
    (5430729131373832,'mastercard','2026-08-23 00:00:00','Anatollo Cheston'),
    (5239582310306047,'mastercard','2023-11-28 00:00:00','Liana Boyle'),
    (5357933804135036,'mastercard','2023-09-22 00:00:00','Bennie Ferrar'),
    (5048371697221172,'mastercard','2025-06-09 00:00:00','Bernardina Groves'),
    (5416641574121404,'mastercard','2022-01-27 00:00:00','Brannon Long'),
    (5224197011148262,'mastercard','2025-05-11 00:00:00','Jillana Vassie'),
    (5100173484696433,'mastercard','2024-11-22 00:00:00','Kriste Oldall'),
    (5048376500335374,'mastercard','2021-05-07 00:00:00','Miles Lacky'),
    (5002359998715624,'mastercard','2022-03-27 00:00:00','Burlie Monument'),
    (5100138323820569,'mastercard','2022-10-12 00:00:00','Joscelin Fysh'),
    (5526304307591701,'mastercard','2022-06-01 00:00:00','Brewster Ansill'),
    (5396295224505393,'mastercard','2025-05-31 00:00:00','Lincoln Coger'),
    (5010124969339493,'mastercard','2022-10-07 00:00:00','Livvy Nunson'),
    (5100132961703351,'mastercard','2025-08-31 00:00:00','Marwin Chubb'),
    (5551772056003086,'mastercard','2023-08-25 00:00:00','Seamus Gionettitti'),
    (5344799588868530,'mastercard','2023-11-17 00:00:00','Leelah Scrannage'),
    (5048372283051171,'mastercard','2027-01-17 00:00:00','Jenifer Swadlen'),
    (5543111053490924,'mastercard','2025-03-29 00:00:00','Mallissa Hacquel'),
    (5100175968832681,'mastercard','2026-05-09 00:00:00','Casandra Blaylock'),
    (5363747563629993,'mastercard','2021-12-17 00:00:00','Steve Manketell'),
    (5100146795524155,'mastercard','2025-06-12 00:00:00','Jermayne Jerred'),
    (5007666220932909,'mastercard','2024-11-14 00:00:00','Francesca Slobom'),
    (5580866823158465,'mastercard','2027-03-11 00:00:00','Meara Pierpoint'),
    (5100178040786362,'mastercard','2027-04-01 00:00:00','Aggi Gaukroger'),
    (5579187446640620,'mastercard','2025-02-26 00:00:00','Kenneth Tezure'),
    (5100132905194485,'mastercard','2022-08-28 00:00:00','Juliet Sterrick'),
    (5007660665443944,'mastercard','2026-11-05 00:00:00','Staci Bezley'),
    (5100133896863872,'mastercard','2023-03-19 00:00:00','Jenelle Kynman'),
    (5010120874795415,'mastercard','2023-02-09 00:00:00','Sayers Cariss'),
    (5100147808594557,'mastercard','2024-03-31 00:00:00','Lyn Annesley'),
    (5002358066865022,'mastercard','2024-07-10 00:00:00','Melli Wiggall'),
    (5413858388199482,'mastercard','2026-09-15 00:00:00','Ezekiel Shippey'),
    (5100130541142298,'mastercard','2025-05-03 00:00:00','Enriqueta Rekes'),
    (5100142218742532,'mastercard','2024-09-01 00:00:00','Cathe Keays'),
    (5100130094532689,'mastercard','2025-06-25 00:00:00','Vikky Skerratt'),
    (5100130103537091,'mastercard','2022-03-25 00:00:00','Torry Tafani'),
    (5002351768428272,'mastercard','2023-07-02 00:00:00','Harriette O''Neal'),
    (5100147427836868,'mastercard','2021-09-08 00:00:00','Ray Durban'),
    (5385865959139981,'mastercard','2021-04-29 00:00:00','Elka Leveritt'),
    (5108753331058119,'mastercard','2023-01-29 00:00:00','Germana Ciciura'),
    (5473532557518015,'mastercard','2026-06-18 00:00:00','Theresina Workes'),
    (5100176756748667,'mastercard','2021-12-06 00:00:00','Kaleb Buckbee'),
    (5211036210479323,'mastercard','2022-08-24 00:00:00','Sarah Kenner');

INSERT INTO PARCHEGGIO VALUES    
    (1,'Sicilia','Palermo','Morningstar','15',100),
    (2,'Sicilia','Messina','Summit','61',100),
    (3,'Emilia-Romagna','Villanova','Spohn','42',100),
    (4,'Sicilia','Messina','Dennis','22',100),
    (5,'Emilia-Romagna','Bologna','Columbus','94',100),
    (6,'Emilia-Romagna','Bologna','Elka','79',100),
    (7,'Sicilia','Palermo','Magdeline','44',100),
    (8,'Sicilia','Messina','Maryland','13',100),
    (9,'Sicilia','Messina','Fulton','9',100),
    (10,'Sicilia','Palermo','Lien','49',100),
    (11,'Emilia-Romagna','Bologna','Sheridan','16',100),
    (12,'Veneto','Verona','Anzinger','40',100),
    (13,'Sicilia','Messina','Thompson','75',100),
    (14,'Sicilia','Messina','American Ash','89',100),
    (15,'Veneto','Padova','New Castle','69',100),
    (16,'Friuli-Venezia Giulia','Trieste','Bunker Hill','65',100),
    (17,'Veneto','Verona','Loftsgordon','71',100),
    (18,'Sicilia','Messina','Del Sol','30',100),
    (19,'Veneto','Verona','Fieldstone','16',100),
    (20,'Veneto','Padova','Northport','8',100),
    (21,'Veneto','Mestre','Bobwhite','78',100),
    (22,'Veneto','Venezia','Old Gate','4',100),
    (23,'Sicilia','Messina','Crest Line','94',100),
    (24,'Emilia-Romagna','Bologna','Green','89',100),
    (25,'Veneto','Padova','Londonderry','73',100),
    (26,'Sicilia','Messina','Stoughton','62',100),
    (27,'Sicilia','Palermo','Roxbury','85',100),
    (28,'Emilia-Romagna','Bologna','Armistice','13',100),
    (29,'Sicilia','Messina','Fairview','36',100),
    (30,'Sicilia','Messina','Sherman','41',100),
    (31,'Emilia-Romagna','Bologna','Meadow Ridge','45',100),
    (32,'Friuli-Venezia Giulia','Trieste','Straubel','23',100),
    (33,'Sicilia','Palermo','Sunbrook','92',100),
    (34,'Sicilia','Messina','Tony','8',100),
    (35,'Emilia-Romagna','Bologna','Stoughton','63',100),
    (36,'Emilia-Romagna','Villanova','Fair Oaks','13',100),
    (37,'Veneto','Mestre','Pawling','85',100),
    (38,'Sicilia','Palermo','Fallview','19',100),
    (39,'Sicilia','Palermo','Pond','28',100),
    (40,'Friuli-Venezia Giulia','Trieste','Meadow Vale','90',100),
    (41,'Veneto','Verona','Tony','73',100),
    (42,'Friuli-Venezia Giulia','Trieste','Trailsway','34',100),
    (43,'Sicilia','Palermo','Buhler','67',100),
    (44,'Sicilia','Palermo','Lien','57',100),
    (45,'Sicilia','Catania','Algoma','2',100),
    (46,'Friuli-Venezia Giulia','Trieste','Lakeland','79',100),
    (47,'Veneto','Padova','Kensington','72',100),
    (48,'Veneto','Mestre','Cherokee','41',100),
    (49,'Sicilia','Messina','Commercial','29',100),
    (50,'Veneto','Mestre','Bunting','71',100),
    (51,'Sicilia','Messina','Starling','86',100),
    (52,'Sicilia','Messina','Miller','73',100),
    (53,'Sicilia','Palermo','Thackeray','6',100),
    (54,'Friuli-Venezia Giulia','Trieste','International','57',100),
    (55,'Sicilia','Palermo','Kensington','85',100),
    (56,'Sicilia','Palermo','Anzinger','31',100),
    (57,'Veneto','Mestre','Ludington','57',100),
    (58,'Emilia-Romagna','Bologna','Thompson','63',100),
    (59,'Friuli-Venezia Giulia','Trieste','Myrtle','74',100),
    (60,'Sicilia','Messina','Muir','73',100),
    (61,'Veneto','Venezia','Clarendon','15',100),
    (62,'Sicilia','Messina','Elgar','71',100),
    (63,'Sicilia','Palermo','Meadow Ridge','31',100),
    (64,'Sicilia','Messina','Northview','78',100),
    (65,'Sicilia','Messina','Lien','31',100),
    (66,'Sicilia','Catania','Erie','79',100),
    (67,'Sicilia','Palermo','Jenna','43',100),
    (68,'Friuli-Venezia Giulia','Trieste','Manitowish','15',100),
    (69,'Veneto','Venezia','Springview','11',100),
    (70,'Veneto','Venezia','Chive','74',100),
    (71,'Veneto','Venezia','Forest','58',100),
    (72,'Sicilia','Messina','Northview','35',100),
    (73,'Friuli-Venezia Giulia','Trieste','Caliangt','13',100),
    (74,'Sicilia','Messina','Dwight','86',100),
    (75,'Sicilia','Catania','Graceland','34',100),
    (76,'Sicilia','Palermo','Granby','14',100),
    (77,'Sicilia','Palermo','Old Gate','23',100),
    (78,'Sicilia','Messina','Hintze','9',100),
    (79,'Friuli-Venezia Giulia','Trieste','Cody','11',100),
    (80,'Veneto','Padova','Gale','10',100),
    (81,'Friuli-Venezia Giulia','Trieste','Harper','41',100),
    (82,'Veneto','Padova','Armistice','77',100),
    (83,'Emilia-Romagna','Bologna','Blaine','96',100),
    (84,'Sicilia','Messina','Summerview','77',100),
    (85,'Sicilia','Catania','Waxwing','28',100),
    (86,'Sicilia','Messina','Bluestem','39',100),
    (87,'Veneto','Padova','Center','97',100),
    (88,'Emilia-Romagna','Villanova','Lawn','2',100),
    (89,'Veneto','Verona','Dottie','59',100),
    (90,'Veneto','Venezia','Lien','98',100),
    (91,'Veneto','Mestre','Roth','79',100),
    (92,'Sicilia','Palermo','Reinke','52',100),
    (93,'Veneto','Verona','La Follette','4',100),
    (94,'Sicilia','Messina','Corry','26',100),
    (95,'Sicilia','Messina','Bluejay','88',100),
    (96,'Veneto','Padova','Vidon','57',100),
    (97,'Sicilia','Palermo','Cherokee','96',100),
    (98,'Emilia-Romagna','Bologna','Oak Valley','30',100),
    (99,'Sicilia','Messina','Melvin','39',100),
    (100,'Veneto','Padova','Melvin','39',100);

INSERT INTO SCONTO VALUES
    ('Promozione2022',10,'2023-03-21 00:00:00'),
    ('NEWENTRY',36,'2023-02-12 00:00:00'),
    ('WOWTUTTO',51,'2023-01-03 00:00:00');
	
INSERT INTO UTENTE VALUES
    ('sosgardby0@twitter.com','6XzwgjIQhN','Ju','Osgardby','1946-06-07 00:00:00','Xinzhou','AI03495EJ'),
    ('mgalier1@nasa.gov','1aAZVQ','Verane','Galier','1990-04-17 00:00:00','Dazaifu','KO24856BG'),
    ('mklimkiewich2@europa.eu','Gvpninq4BK','Osten','Klimkiewich','1963-07-12 00:00:00','Sibate','XF03950OH'),
    ('thyder3@washington.edu','GcWvgnn','Noemie','Hyder','1948-03-11 00:00:00','Kansas City','GE38329HA'),
    ('ceicke4@salon.com','pI0IONXOEZ','Esteve','Eicke','1994-08-01 00:00:00','Motupe','KL32666WY'),
    ('emunsey5@techcrunch.com','Rm1gfvBJNh','Maeline','Munsey','1946-04-11 00:00:00','Pakham','XK55480MN'),
    ('tbende6@amazon.co.uk','RRm6mY40Pdr','Maiwenn','Bende','1956-03-21 00:00:00','As Sulayyil','FZ70290ZL'),
    ('adelboux7@technorati.com','A2slsHawW1wG','Gaia','d'' Elboux','1995-04-26 00:00:00','Zhaogezhuang','QY64993RM'),
    ('ptaks8@g.co','GcJEe4v','Celestine','Taks','1981-02-16 00:00:00','Koltushi','TH21130ZD'),
    ('mwhal9@arstechnica.com','esM7mYkGtg','Illustree','Whal','1957-10-10 00:00:00','Krasnaya Polyana','BY95989YW'),
    ('fhowlera@hc360.com','QLDbFjWLKO7','Maily','Howler','1976-04-08 00:00:00','Udon Thani','HQ45060WG'),
    ('rhayleyb@friendfeed.com','ibq9aEeUdimi','Oceanne','Hayley','1988-12-05 00:00:00','Campana','BT74590DX'),
    ('idealc@blinklist.com','z8EW5U5ZL','Therese','Deal','1947-01-22 00:00:00','Al Mansurah','DM42584AI'),
    ('bhillettd@smugmug.com','9VhkOgh1l','Lois','Hillett','1997-05-30 00:00:00','Temaiku Village','BC14831TU'),
    ('wbedelle@t.co','IZHWt5w09ER','Wa','Bedell','1969-12-24 00:00:00','Staryy Dobrotvir','YU13431ND'),
    ('ekoenenf@va.gov','dyMwNHOV','Melinda','Koenen','1975-04-20 00:00:00','Arevik','IG38455MT'),
    ('tbroadwayg@g.co','fFmvSYMGNk','Cleopatre','Broadway','1953-12-25 00:00:00','Espinal','BU44470LH'),
    ('eabrahmovicih@google.co.uk','FjA3Eq','Garcon','Abrahmovici','1996-06-01 00:00:00','Le Lamentin','LN18820VD'),
    ('promainti@scientificamerican.com','iFEKCA','Naelle','Romaint','1953-11-25 00:00:00','San Agustin','WW33242ZV'),
    ('askeletonj@chicagotribune.com','WNeXVB','Marie-francoise','Skeleton','1974-01-15 00:00:00','Cingambul','IK25938TX'),
    ('fswinburnek@amazon.de','cy0TS65om','Camelia','Swinburne','1958-11-18 00:00:00','Lauro de Freitas','ZT80081WD'),
    ('sgristl@fema.gov','oS8fvm','Agnes','Grist','1962-07-29 00:00:00','Lakbok','ZU65834UI'),
    ('rcarolinem@alexa.com','lLIMCDAEKO','Meryl','Caroline','1947-06-02 00:00:00','Pedreira','QO84362GO'),
    ('nheinecken@indiegogo.com','IewwSCWRO','Anaelle','Heinecke','1962-06-27 00:00:00','Beni Khiar','JD34585PX'),
    ('ajirucao@biglobe.ne.jp','9GIv99','Adele','Jiruca','1993-11-02 00:00:00','Novy Bor','IN94237QD'),
    ('tgooldenp@un.org','zQOajITec','Helena','Goolden','1972-08-04 00:00:00','Niort','NU07266VO'),
    ('ggamettq@t.co','2j1auWnCtMG6','Selene','Gamett','1972-08-16 00:00:00','Pulong Gubat','ES75736SB'),
    ('asnarttr@xing.com','mMtl6oy0YM','Helena','Snartt','1988-04-10 00:00:00','Solnechnyy','WP08850JN'),
    ('gpauels@hhs.gov','7JTbljT','Aurelie','Pauel','1995-11-24 00:00:00','Vargarda','RY62479HX'),
    ('ftwinbornet@stanford.edu','sb7zxue41Au','Laurena','Twinborne','1976-11-13 00:00:00','Cisiec','IO46510XB'),
    ('mgravetu@smh.com.au','rmfyEGNZgl6v','Oceanne','Gravet','1963-09-08 00:00:00','Bacem','VF57301UN'),
    ('obosdetv@blogs.com','dCSaRiMVSb','Pelagie','Bosdet','1942-10-25 00:00:00','Adilpur','IO97981OR'),
    ('rmacroww@qq.com','4nlqNKZL','Nehemie','Macrow','1948-12-08 00:00:00','Hanting','OT49231NE'),
    ('emackenziex@cocolog-nifty.com','2NU22jo5AqS','Kui','MacKenzie','1943-05-22 00:00:00','Moss','AX96393IZ'),
    ('grohmery@indiatimes.com','hn89SQ8w','GOrel','Rohmer','1976-05-03 00:00:00','Divnoye','HS50758HL'),
    ('cchilcottez@tamu.edu','0vNpp0ihFKaD','Mylene','Chilcotte','1969-07-29 00:00:00','Nanjia','BS94783UG'),
    ('jnorthin10@youku.com','TgIVrtt','Maelyss','Northin','1941-06-04 00:00:00','Butiama','TQ78612TF'),
    ('mcutbush11@reuters.com','RvOS2sEGxcBm','Marie-josee','Cutbush','1986-06-07 00:00:00','Newark','KD49560RV'),
    ('cjouhandeau12@google.co.uk','Qp11rG','Maelann','Jouhandeau','1958-07-04 00:00:00','','LI25589GZ'),
    ('vhaffard13@wordpress.com','C7auYsBCc27k','Edmee','Haffard','1942-08-11 00:00:00','Brusy','NH02959BV'),
    ('fnye14@pen.io','PkDFGOF','Long','Nye','1948-09-19 00:00:00','Purwodadi','JI01007EV'),
    ('djedrzejkiewicz15@nydailynews.com','LuTf1Ohg','Yao','Jedrzejkiewicz','1957-03-29 00:00:00','Svetlyy','OM14389VT'),
    ('cholborn16@ucsd.edu','Ww80Knsp','Stephanie','Holborn','1999-07-14 00:00:00','Areni','EI25622WT'),
    ('sstalf17@xing.com','ThzjswZ','Andree','Stalf','1971-01-21 00:00:00','Guzor','PV20319XJ'),
    ('egilvear18@naver.com','mZNO2g','Meng','Gilvear','1997-04-27 00:00:00','Nunsena','AG74869DD'),
    ('nvinecombe19@newyorker.com','CmW3XV1Vn','Irene','Vinecombe','1954-02-18 00:00:00','Fengshuling','ML77624LP'),
    ('jmallall1a@gov.uk','4l9SJXrXHv','Creez','Mallall','1995-01-05 00:00:00','Schiedam postbusnummers','XT15187RW'),
    ('kfleote1b@hp.com','DeopcHk','Leana','Fleote','2000-04-25 00:00:00','Bailuquan','JO87751NW'),
    ('gseeviour1c@gnu.org','jIATHlQ','Lei','Seeviour','1984-08-20 00:00:00','Cruz','XS55039KK'),
    ('tplewes1d@mail.ru','y3YYoc','Marie-noel','Plewes','1992-08-29 00:00:00','Kortkeros','UE06058UK'),
    ('rloft1e@oracle.com','mkvAYKMF5L5','Andre','Loft','1943-08-01 00:00:00','Basel','YR82449JQ'),
    ('whiggoe1f@tamu.edu','7xnkDy','Daniele','Higgoe','1971-01-05 00:00:00','Damanhur','KV80620XO'),
    ('rmurrhaupt1g@homestead.com','Rhpfq8','Josephine','Murrhaupt','1964-11-16 00:00:00','Temirtau','MU34212ML'),
    ('eoconnor1h@independent.co.uk','0W0gP1HW0uk','Leandre','O''Connor','1996-08-22 00:00:00','Al affah','CI93346GA'),
    ('rvaadeland1i@hexun.com','BjkGMYu7Qhn','Venus','Vaadeland','1998-04-24 00:00:00','Shahe','KG16291MH'),
    ('nfibbitts1j@github.io','2IEeLYNaZaz','Andreanne','Fibbitts','1942-08-09 00:00:00','Ash ShuhadA','UR86836RN'),
    ('iannott1k@netvibes.com','ZrOfZuH4X','Andreanne','Annott','1973-04-12 00:00:00','Pedro Betancourt','ED14047SL'),
    ('owoolard1l@sciencedaily.com','xMVB5Ed','Noella','Woolard','1943-06-22 00:00:00','Cedar Rapids','EV02888HI'),
    ('gmcmackin1m@bluehost.com','6xsmYbWYWep','Hakan','McMackin','1948-02-18 00:00:00','Corbeil-Essonnes','TH70418CR'),
    ('swalkley1n@wikimedia.org','eqGr8B','Marta','Walkley','1985-02-17 00:00:00','Santa Catalina','GK36912NH'),
    ('sboyall1o@google.ru','EMJkQrQ','Reserves','Boyall','1985-01-14 00:00:00','Qingfenglin','ZM68086VE'),
    ('gastill1p@goodreads.com','LWqap4TB5zhb','GOran','Astill','1954-08-18 00:00:00','Arboga','CO13992OY'),
    ('rgribben1q@whitehouse.gov','GFn3brmI','Lie','Gribben','1948-10-16 00:00:00','Kupchino','JT49086VC'),
    ('cmattinson1r@weather.com','QMz08NKS3f','Ines','Mattinson','1951-10-21 00:00:00','Heping','EN28968TK'),
    ('emeese1s@blogtalkradio.com','pcHwdBU','Anaelle','Meese','1993-08-09 00:00:00','Goyty','ML79375UI'),
    ('tivey1t@spiegel.de','OHdGcda','Marie-therese','Ivey','1984-01-09 00:00:00','Kulykiv','CE21860RV'),
    ('htheseira1u@ovh.net','JL8OGKJV1','Zhi','Theseira','1965-08-05 00:00:00','Luoshui','ZR47489YW'),
    ('idyson1v@reverbnation.com','7GBtKemV','Oceane','Dyson','1950-01-24 00:00:00','Pukhavichy','OQ14918RV'),
    ('aashingden1w@facebook.com','TxSWMy','Maily','Ashingden','1973-01-10 00:00:00','Komsomolskiy','DD13251JP'),
    ('rkalinke1x@berkeley.edu','aOAKSc5ZFXU','Marie-eve','Kalinke','1942-03-11 00:00:00','Chos','DA25411NW'),
    ('ylearoid1y@jigsy.com','Inn5bgUXg','Leonie','Learoid','1949-05-15 00:00:00','Jaguariaiva','HS30402YK'),
    ('wladel1z@networkadvertising.org','RrcMiyA','Long','Ladel','1991-10-01 00:00:00','Nagykanizsa','LD95720DO'),
    ('gbigg20@biblegateway.com','HFVSTgI','Lai','Bigg','1984-05-21 00:00:00','Oujiangcha','TT67555ER'),
    ('jsemple21@nymag.com','mtk1HlfN','Lea','Semple','1990-04-28 00:00:00','Colorado','FU91539UU'),
    ('bhicks22@sourceforge.net','aJchb3','Maelys','Hicks','1941-11-22 00:00:00','Zhongguan','SU98329XW'),
    ('dshilleto23@ca.gov','geEvc9d8BF','Loica','Shilleto','1943-08-19 00:00:00','Serzedo','OJ86206CZ'),
    ('mbragginton24@si.edu','9CZZg1IxiNdt','Maelle','Bragginton','1969-03-23 00:00:00','Bhalil','RP04696QF'),
    ('phendrikse25@shutterfly.com','MJhmqE','Gisele','Hendrikse','1960-05-22 00:00:00','Kuafeu','DK30371LC'),
    ('lglasby26@studiopress.com','7UsGRNGpdKAf','Anaelle','Glasby','1996-12-07 00:00:00','Oelaba','JZ27996NP'),
    ('jvause27@harvard.edu','RwWbK2bV','Gwenaelle','Vause','1991-07-02 00:00:00','Pereiro','PQ27471BH'),
    ('cboagey28@friendfeed.com','YjKpCyzB','Maella','Boagey','1991-09-24 00:00:00','Skrzydlna','GK32599AD'),
    ('bolekhov29@wordpress.org','FCVcii','Annotes','Olekhov','1945-01-23 00:00:00','Rungis','WP31761CL'),
    ('smarrable2a@narod.ru','lJB6kY','Maite','Marrable','1952-01-22 00:00:00','Nakuru','UD79186TN'),
    ('mcasswell2b@hugedomains.com','gS6SFGhBq8','Tang','Casswell','1964-12-19 00:00:00','GOteborg','LN03997LO'),
    ('groggers2c@discuz.net','1CyKAO','Garcon','Roggers','1967-01-10 00:00:00','Igir-igir','QF05776YF'),
    ('cedlyne2d@go.com','Vsy4scAaAOD','Chloe','Edlyne','1948-03-13 00:00:00','Pavlovskaya','ER30242JC'),
    ('cfeige2e@chronoengine.com','p1flgEDF82k2','Eugenie','Feige','1996-06-16 00:00:00','Gracanica','KI33914HL'),
    ('wtyre2f@opensource.org','yrI7QnS7','Marta','Tyre','1952-05-11 00:00:00','Ketapang','NG37514VZ'),
    ('cnind2g@com.com','GjZ7yQiUCM7','Kui','Nind','1976-05-28 00:00:00','Sakata','CS50133ZF'),
    ('wtofful2h@webmd.com','Ysg8zV','Maelyss','Tofful','1994-09-02 00:00:00','Kicevo','TK43166PB'),
    ('gmckeefry2i@youtu.be','KuvTaSttbw','Oceane','McKeefry','1989-02-10 00:00:00','Benjamin Constant','KB71128SB'),
    ('kduffett2j@usa.gov','aEaLerv3sg5L','Lucrece','Duffett','1992-03-21 00:00:00','Ipoh','EY07180FD'),
    ('ceveling2k@tripod.com','fV1V8MRZBI7','Mailys','Eveling','1979-11-14 00:00:00','La Libertad','OI65680SB'),
    ('gjobson2l@t-online.de','tfUgSCq6NMqL','Pelagie','Jobson','1958-11-22 00:00:00','Masatepe','OL14734VM'),
    ('thunday2m@boston.com','9IxaINka861g','Helena','Hunday','1959-04-15 00:00:00','San Carlos','NB52245FE'),
    ('kscaife2n@netscape.com','biFw4uF5','Ines','Scaife','1990-05-05 00:00:00','Ijero-Ekiti','LQ32039KI'),
    ('jmaccourt2o@accuweather.com','wmMbFWLg','Clea','MacCourt','1970-07-05 00:00:00','Santa Cruz','BP64322QJ'),
    ('fgioan2p@wsj.com','QD02goh','BjOrn','Gioan','1975-04-27 00:00:00','Vybor','SA35253KL'),
    ('ugregersen2q@dropbox.com','bOryfVarG5Y','Ai','Gregersen','1952-11-17 00:00:00','Talagasari','LC64276IP'),
    ('bmilsted2r@comcast.net','um2tje','Tu','Milsted','1943-03-05 00:00:00','Marica','JY50803YT'),
    ('amantz2s@linkedin.com','91PF0Gtlpp','Renee','Mantz','1964-04-05 00:00:00','Fundong','YO84573XA'),
    ('troad2t@discovery.com','wT1qJmpHs','Tang','Road','1972-04-04 00:00:00','Yubileyny','VG75156OB'),
    ('rmorrowe2u@huffingtonpost.com','bldyH8Mc','Kalliste','Morrowe','1985-07-12 00:00:00','Nowshahr','EH93850NI'),
    ('uharlett2v@kickstarter.com','qAIOMl','Michele','Harlett','1974-04-21 00:00:00','El Monte','RK66786RY'),
    ('kdarnbrook2w@disqus.com','35OLL4wJg0','Lea','Darnbrook','1964-04-18 00:00:00','Rayside-Balfour','KD20505XM'),
    ('ryurchenko2x@sciencedaily.com','YEsgPH7o1U','Eloise','Yurchenko','1947-09-05 00:00:00','Caotang','AL61739TY'),
    ('agrasha2y@vistaprint.com','0Oyllad7JdOa','Du','Grasha','1952-12-28 00:00:00','Barubandung','GO54455WY'),
    ('hpovah2z@gizmodo.com','A73Z9iVTB','Pelagie','Povah','1959-10-14 00:00:00','Kingston','OV78845VR'),
    ('garney30@usa.gov','92K2doXr','TorbjOrn','Arney','1968-01-05 00:00:00','Embalse','UT31013VX'),
    ('rwagstaff31@nyu.edu','oWswpGdQ539J','Melodie','Wagstaff','1976-02-06 00:00:00','Mulandoro','GF06443YP'),
    ('mwaren32@51.la','QfMrUu6Yh','Cloe','Waren','1977-07-24 00:00:00','Munchen','VT15632DF'),
    ('tlethbury33@soup.io','bhW2Sgh','Veronique','Lethbury','1981-05-03 00:00:00','Laershan','GT49724GH'),
    ('dpollins34@barnesandnoble.com','kvoZIS','Maelann','Pollins','1994-06-18 00:00:00','Apeldoorn','UC13327MQ'),
    ('groyson35@ucla.edu','l05Zzh5m','Gwenaelle','Royson','1976-04-07 00:00:00','Vonitsa','JR61807EC'),
    ('olindores36@bizjournals.com','f1sT4RI4','Ma','Lindores','1959-12-14 00:00:00','Quinchia','FZ35554AG'),
    ('tgosby37@guardian.co.uk','gmGFKFL8v','Lei','Gosby','1992-06-15 00:00:00','Keda','LJ39832FV'),
    ('mwalmsley38@mozilla.org','oPSiAUDy','Rejane','Walmsley','1966-03-27 00:00:00','Turbaco','VB38609WV'),
    ('msidry39@omniture.com','R3hLjS','Naeva','Sidry','1985-11-29 00:00:00','Anren','ZN82211WV'),
    ('lspeariett3a@sitemeter.com','fEdgWgwL6S','Andree','Speariett','1994-05-28 00:00:00','Pavlovka','GZ70335UX'),
    ('ljakubovits3b@tmall.com','6gqwWZyN','Nadege','Jakubovits','1991-02-16 00:00:00','Ximapo','OH45422LT'),
    ('vbrankley3c@chron.com','898Dlb5U9','Zoe','Brankley','1989-08-08 00:00:00','Pinillos','WK02517UH'),
    ('mdegiovanni3d@live.com','MHAxD3','Annotee','De Giovanni','1952-10-06 00:00:00','Makiyivka','FA10880SZ'),
    ('wkidd3e@github.com','Ep6UFH2Zu59m','Marie-noel','Kidd','1941-09-28 00:00:00','Xintai','SP84267VD'),
    ('dcaltun3f@indiegogo.com','O5vbBx2JZb','Anaelle','Caltun','1971-12-02 00:00:00','Broceni','CR02434ZW'),
    ('cmullany3g@weibo.com','NRGyuOtXeKQn','Eugenie','Mullany','1988-02-21 00:00:00','Takahashi','SA49965EB'),
    ('oskyrm3h@indiegogo.com','266sNps','Daniele','Skyrm','1999-08-03 00:00:00','Xinhe','CJ73447SY'),
    ('lemney3i@timesonline.co.uk','xDe1JA','Maily','Emney','1988-10-05 00:00:00','Katsina-Ala','XX69166CP'),
    ('ymerrilees3j@networkadvertising.org','iQbx2Sk1Yzmw','Zoe','Merrilees','1961-03-21 00:00:00','Baabda','TR18650EX'),
    ('dwaple3k@prlog.org','zsJ1Muub9','TorbjOrn','Waple','1981-12-20 00:00:00','Inari','LU40486SV'),
    ('faldington3l@webeden.co.uk','4LitXJLK0','Mylene','Aldington','1954-07-29 00:00:00','Causip','DC67195HT'),
    ('bmacaleese3m@cisco.com','QUqH0PBV','Michele','MacAleese','1963-07-30 00:00:00','Bayan Bulag','JS44736HD'),
    ('bsurgen3n@mayoclinic.com','TwjkhRyws','Pal','Surgen','1975-07-25 00:00:00','Karapyshi','HT65224CA'),
    ('nsteinham3o@opera.com','BVFT1A','Marlene','Steinham','1948-06-24 00:00:00','Tall a amAn','PY43632HW'),
    ('gelmore3p@merriam-webster.com','dABcF7f','Selene','Elmore','1948-07-09 00:00:00','Santa Rosa','XM32500NE'),
    ('ecalderbank3q@booking.com','k4IIEfV','Anael','Calderbank','1941-03-10 00:00:00','Espirito Santo do Pinhal','KP20887IJ'),
    ('dcurrao3r@theatlantic.com','VQrfVWaOz7','Zhi','Currao','1947-10-09 00:00:00','Miami','WX66432GO'),
    ('stolley3s@mtv.com','PgjiHJSZ','Marie-eve','Tolley','1986-03-23 00:00:00','Akko','FI98866IH'),
    ('amoogan3t@yandex.ru','V3QVZ0','You','Moogan','1978-02-26 00:00:00','Margarita','HL87006TN'),
    ('edalston3u@vk.com','QNsOFwWK8','Fei','Dalston','1940-07-16 00:00:00','KangAn','OE67669UI'),
    ('bstare3v@skype.com','WHLZygRibbhW','Esteve','Stare','1997-11-15 00:00:00','Tolosa','YS71466QY'),
    ('gshoebotham3w@cbslocal.com','pj6ex9gzVHhk','Ai','Shoebotham','1976-08-02 00:00:00','Ailibugai','UV30067XI'),
    ('mrobelin3x@blog.com','oTaCK94TR','Anais','Robelin','1972-06-03 00:00:00','Laij','WU61698JD'),
    ('ewoolaston3y@walmart.com','mgemFKJr9d','Fei','Woolaston','1953-09-17 00:00:00','Novovladykino','TA14982XX'),
    ('vsearl3z@cornell.edu','9xJbPnSKS','Ma','Searl','1968-04-19 00:00:00','Ciputat','RH86980FW'),
    ('kpoley40@goo.ne.jp','sdC6FdDvs','Angele','Poley','1999-08-14 00:00:00','La Ravoire','ZA51864WT'),
    ('eroughley41@sfgate.com','WDlbBr4Ub','Clelia','Roughley','1955-09-20 00:00:00','Itapetinga','EL18871VH'),
    ('adevillier42@addthis.com','jYQUlov','Josephine','de Villier','1983-05-22 00:00:00','Dalupirip','ZG63832BG'),
    ('rcaulcott43@prnewswire.com','dygYsF','Maelys','Caulcott','1985-12-12 00:00:00','Wangtuan','YA76531QE'),
    ('lfilyushkin44@wordpress.org','EJGqAFuLWi','Naelle','Filyushkin','1970-06-29 00:00:00','Krajan Alastengah','GL89632RL'),
    ('fcursey45@symantec.com','yDHRwWE0NcO','Stevina','Cursey','1947-05-06 00:00:00','Kimiltey','NO49475RI'),
    ('aluesley46@fc2.com','1chThA','Leane','Luesley','1950-11-07 00:00:00','Almendra','MG85899SJ'),
    ('cpietruszka47@dell.com','TS8zxoo7G0K','Tu','Pietruszka','1948-04-23 00:00:00','Lamalera','BC15227OO'),
    ('hroyston48@amazon.co.uk','KMdMleSXO','Nelie','Royston','1962-07-16 00:00:00','IslAmkot','JR80182LI'),
    ('erubinivitz49@dmoz.org','rGnjLFhBQI','Marie-eve','Rubinivitz','1999-08-05 00:00:00','Marseille','KS27816MY'),
    ('qheathcott4a@quantcast.com','APmzUGivPyA','Leonie','Heathcott','1976-08-03 00:00:00','Nabeul','SL37161HX'),
    ('ghenrion4b@drupal.org','hF4PJaQmqkgX','Nelie','Henrion','1974-08-24 00:00:00','La Guadalupe','YU42229MZ'),
    ('ckettle4c@blog.com','DhYKUFi7ASu','Maite','Kettle','1981-08-20 00:00:00','Huaidian','YB07648QB'),
    ('bneagle4d@cdc.gov','uwcldBUt0yG','Rachele','Neagle','1988-05-25 00:00:00','Curug','PS97193SC'),
    ('eferrone4e@rediff.com','jnfxgWjcb9','Melanie','Ferrone','1964-03-20 00:00:00','Telukpakedai','LW95843RR'),
    ('ptynan4f@myspace.com','FRf30A6bLjXb','Anais','Tynan','1982-10-31 00:00:00','Prabuty','ZO04440CK'),
    ('ugautrey4g@prweb.com','ll8yTdVZIY2','Lei','Gautrey','1986-03-11 00:00:00','Uiasa','YN48089NP'),
    ('tplinck4h@cyberchimps.com','78k02HXjxJs','Helena','Plinck','1984-12-10 00:00:00','Hngju-dong','SS60482HL'),
    ('avasyutochkin4i@virginia.edu','7cZYCF','Illustree','Vasyutochkin','1976-03-22 00:00:00','Eseka','TV95638SN'),
    ('iwhartonby4j@simplemachines.org','eTL5imhvReI','Camelia','Whartonby','1988-09-17 00:00:00','Lindi','DI53056CX'),
    ('nstennes4k@yellowbook.com','B7UtHP','Maily','Stennes','1960-04-04 00:00:00','Ternovka','VZ92354NP'),
    ('kabthorpe4l@shutterfly.com','RPDbWMvMkA','Edmee','Abthorpe','1976-05-12 00:00:00','Marihatag','LQ48537YP'),
    ('ydaintith4m@pinterest.com','MmCYWa4hAD','You','Daintith','1994-04-07 00:00:00','Austin','JL34960ID'),
    ('hrottgers4n@sciencedirect.com','Az90fjE3bH','Genevieve','Rottgers','1956-09-20 00:00:00','Novopskov','NK99627EP'),
    ('ccabane4o@prlog.org','EcMY9XcUw1','Aimee','Cabane','1988-03-04 00:00:00','Jianjiang','UP54446EH'),
    ('bdreini4p@yellowpages.com','2ubx57YYSp','Esteve','Dreini','1950-10-08 00:00:00','Kai','WJ26783WF'),
    ('mulyat4q@taobao.com','QcUK9Kh','Lorene','Ulyat','1996-12-19 00:00:00','Shlisselburg','QY72751KH'),
    ('gsparshatt4r@senate.gov','p6RLIIsSK','Personnalisee','Sparshatt','1949-05-24 00:00:00','Pejibaye','JQ56994AM'),
    ('mmoretto4s@ucoz.com','sCUwvq','Yu','Moretto','1968-12-11 00:00:00','Kotovo','PE40111VP'),
    ('rcremin4t@lulu.com','G7YPShRdoIrb','Lois','Cremin','1980-10-12 00:00:00','El Rancho','KM32267TI'),
    ('danslow4u@nydailynews.com','ejHqzt','Gaia','Anslow','1971-09-08 00:00:00','Cisewu','JI28993SW'),
    ('gtonner4v@scientificamerican.com','LYehUnoP','Selene','Tonner','1984-09-16 00:00:00','Ulyanovsk','HP39997MG'),
    ('lwelburn4w@ihg.com','3TEAynP','Adelaide','Welburn','1995-12-03 00:00:00','Susiec','LS01296ST'),
    ('jcoltherd4x@fc2.com','LPwBw0dIdPJ','Sng','Coltherd','1978-05-14 00:00:00','Punta Hermosa','WB46896YV'),
    ('mskuce4y@gnu.org','6FnTbfsn','Audreanne','Skuce','1964-10-27 00:00:00','Claveria','OL28957NE'),
    ('iocrigan4z@comsenz.com','5qP9hAd','Lei','O''Crigan','1992-10-21 00:00:00','Caocun','OA30815TD'),
    ('bbarnewall50@geocities.com','vDL8P2csmZ','Mylene','Barnewall','1969-03-16 00:00:00','Lecheng','ZN40969JZ'),
    ('emacbane51@cnn.com','XqwYY8','Berenice','Macbane','1992-11-08 00:00:00','Sap Yai','KB74194RD'),
    ('nbrownfield52@com.com','bHxYs9E5Y','Daniele','Brownfield','1945-02-09 00:00:00','Lebu','UA47097TU'),
    ('croots53@cocolog-nifty.com','FzemeH','Sng','Roots','1979-08-03 00:00:00','Zhujiang','EQ53782BS'),
    ('mbunner54@163.com','IK3z4dMLgz','Alizee','Bunner','1945-09-13 00:00:00','SayyAn','KZ06264TI'),
    ('orannald55@163.com','9jXJFtUuG1','Magdalene','Rannald','1976-02-02 00:00:00','El Obeid','LM34492GT'),
    ('scollingridge56@blog.com','Nv7quCs','Audreanne','Collingridge','1970-09-30 00:00:00','Fenghuang','DU41497VB'),
    ('pdelacey57@t-online.de','CjqwLR2GS','Valerie','De Lacey','1983-12-21 00:00:00','Atok','YR30000FG'),
    ('aballard58@tinypic.com','Sb5F9LFq4','Yu','Ballard','1990-11-20 00:00:00','Sofo-Birnin-Gwari','BT47783JV'),
    ('lweafer59@meetup.com','FtSJEK2B','Marten','Weafer','1943-01-11 00:00:00','Sami','DP63490XB'),
    ('pfincke5a@com.com','sNkHcrigukxf','Eleonore','Fincke','1955-04-12 00:00:00','Saku','SY84213PU'),
    ('mschruyers5b@msu.edu','MS4jkVpspJ','Marie-noel','Schruyers','1957-07-24 00:00:00','Shenshu','SB41669MB'),
    ('oalbisser5c@bloomberg.com','ztRUbU','Leandre','Albisser','1999-12-10 00:00:00','Takatsuki','UT13903EV'),
    ('nbartoszinski5d@bandcamp.com','IDKQzt3D8','Clelia','Bartoszinski','1965-01-10 00:00:00','Lijia','LF22439KL'),
    ('aseniour5e@sitemeter.com','sLhmrLOOnpcg','Zhi','Seniour','1969-06-30 00:00:00','Dachnoye','JI46931AO'),
    ('amontfort5f@bloomberg.com','cJwo6zfAgysA','Noella','Montfort','1972-06-14 00:00:00','Chelu','IR90438KU'),
    ('asygrove5g@pinterest.com','xfS7OUlTRqqc','Maena','Sygrove','1965-10-23 00:00:00','Vincennes','SA66885UY'),
    ('lgwilt5h@weibo.com','AJ4DzwUx3uHr','Marten','Gwilt','1954-12-01 00:00:00','Boston','DU81534YP'),
    ('fcheine5i@facebook.com','629ELHX','Celia','Cheine','1990-10-11 00:00:00','ta','DG41749XH'),
    ('vduhig5j@theglobeandmail.com','a6lDDMEi','Alois','Duhig','1955-08-15 00:00:00','Aoyang','TJ43506BF');

INSERT INTO VEICOLO VALUES
    ('UN605WD',180,229,162.77,8027),
    ('XE121BC',155,58,179.91,8334),
    ('VS655UA',58,219,164.23,8720),
    ('HN933HD',21,44,246.4,3965),
    ('MK071VT',22,257,207.11,5076),
    ('YP253SV',114,265,136.43,1153),
    ('OF279SO',3,50,299.05,150),
    ('VA845DP',160,70,235.86,9382),
    ('XH010HJ',101,147,57.81,6942),
    ('GK336PL',65,105,165.33,3388),
    ('TS838KP',21,158,105.74,5655),
    ('QW389LX',128,162,125.06,525),
    ('QN064HQ',13,23,205.46,3637),
    ('SK513NX',94,200,185.8,2457),
    ('TC750UY',109,110,63.64,7963),
    ('RA216FG',116,9,204.38,5325),
    ('UY796NW',142,101,109.9,230),
    ('IO616DK',116,117,101.17,4031),
    ('UV816NB',92,237,106.74,1808),
    ('RB818WJ',52,247,202.55,5127),
    ('HN498RU',97,240,74.91,2944),
    ('JF533BG',112,90,124.09,505),
    ('IX828RO',45,178,173.87,3776),
    ('XA103ZX',136,219,54.59,7553),
    ('JU410JF',13,277,172.21,2336),
    ('HI616VZ',144,106,163.27,7094),
    ('RJ631FH',69,203,296.39,486),
    ('CR142YN',181,160,127.11,2972),
    ('WL410XH',87,261,289.38,6031),
    ('IQ018FK',30,10,111.31,9617),
    ('ZN105SI',23,36,161.2,2719),
    ('TT590SN',27,170,101.23,3579),
    ('RH170NF',102,238,242.96,1347),
    ('WN697QW',162,176,57.8,9428),
    ('YD361MU',47,182,211.48,9221),
    ('JO292QH',90,4,90.11,9641),
    ('CU840ID',147,129,240.86,8634),
    ('TF665DI',108,282,100.6,3320),
    ('IC896EA',28,226,204.07,3665),
    ('JB793KL',161,258,64.94,3),
    ('IH050CL',47,101,151.0,8028),
    ('HY300LW',126,55,287.85,1566),
    ('JD723ME',152,16,241.83,9721),
    ('FC724SO',120,78,129.26,7506),
    ('KO939RC',168,159,60.42,5578),
    ('JW192ST',100,25,52.27,3006),
    ('VW782DX',58,204,89.87,5705),
    ('OK796OI',70,218,70.1,83),
    ('ZK413WP',112,165,298.82,8609),
    ('NW373TW',177,90,184.12,5458),
    ('OU949ZC',148,92,220.82,447),
    ('PH595EN',12,188,157.21,6642),
    ('BL399CW',161,86,252.09,6929),
    ('GR722NM',96,170,119.34,1976),
    ('FG292AO',46,118,203.82,4317),
    ('QW430OR',128,68,215.77,97),
    ('GC470GV',153,79,117.33,3674),
    ('XI848NA',176,289,204.71,7429),
    ('LL955VO',14,17,239.57,448),
    ('MV244ZS',116,175,202.23,7126),
    ('OU207QE',36,176,167.14,9066),
    ('HT894VW',190,75,272.3,9652),
    ('ZS093WB',36,158,284.85,8762),
    ('QX966YO',106,58,197.04,2172),
    ('FR694TP',76,41,103.08,4302),
    ('YJ115FK',141,171,50.5,6826),
    ('WG048UJ',20,257,244.47,9278),
    ('DR737HG',70,111,137.68,6234),
    ('DS220IM',191,289,184.49,1024),
    ('SY686VQ',12,261,288.88,4770),
    ('EV487DM',165,244,159.97,8196),
    ('KE604RN',169,96,201.23,1358),
    ('UK370IP',32,15,269.7,9914),
    ('ZU619ID',164,257,113.12,4523),
    ('HE297JZ',184,261,163.4,8907),
    ('WL015PY',33,272,278.34,6711),
    ('ZO533AD',161,48,164.31,3515),
    ('NT827YC',166,114,291.78,4036),
    ('MY513DA',190,136,236.72,8453),
    ('DK358ER',83,170,288.27,8813),
    ('SE895QD',44,23,57.03,6217),
    ('SP831NK',181,173,175.92,6014),
    ('WV531XU',104,110,244.16,930),
    ('MC286YW',78,1,188.59,5480),
    ('BO925HX',27,38,261.23,5008),
    ('MI057CB',139,114,135.49,3939),
    ('CO697YR',25,228,57.32,5449),
    ('WB104PC',38,56,88.47,9474),
    ('RY300VE',122,141,207.41,1609),
    ('IR197BJ',199,235,67.01,6698),
    ('MQ370BZ',97,181,165.38,2325),
    ('BU637DI',50,150,229.06,4782),
    ('XZ227MF',75,144,110.48,4679),
    ('GG405HR',152,195,190.74,4218),
    ('TD386MR',95,224,146.25,1399),
    ('ND851JF',134,217,148.15,8213),
    ('HN732FG',113,143,225.54,1503),
    ('AL645VY',178,33,109.14,6369),
    ('BK099BH',79,188,151.36,1481),
    ('TV445OH',167,281,163.58,3274),
    ('NN156JP',112,23,273.21,3201),
    ('WB572AG',107,80,215.12,6565),
    ('ZT744FK',87,113,292.07,8977),
    ('IU149IQ',82,268,240.04,268),
    ('BW670TY',17,108,292.69,5597),
    ('NE036HD',70,93,219.36,6638),
    ('SP895FQ',192,93,106.57,5222),
    ('PW962YZ',13,18,55.35,9644),
    ('OU545JS',100,215,225.5,4806),
    ('OH789MA',147,49,297.58,354),
    ('DG571JP',45,72,207.78,8297),
    ('KL007OR',20,76,177.52,1166),
    ('LL969GL',45,283,199.79,2634),
    ('YA969ZW',136,219,167.41,345),
    ('KW107LP',51,29,96.43,8719),
    ('LC221ZN',21,17,247.01,66),
    ('NO410VF',12,21,211.09,9442),
    ('SL298IZ',42,204,154.07,1938),
    ('PS383VU',68,278,210.43,1810),
    ('DZ932RD',86,58,123.51,3946),
    ('ZN752CC',134,99,166.43,1726),
    ('HC160KP',89,54,82.96,4354),
    ('VT437KW',51,167,206.61,8764),
    ('KO325VF',182,146,208.39,4997),
    ('UK287LK',161,60,207.18,448),
    ('NW405PR',51,205,51.11,5810),
    ('LI393AX',62,260,68.98,4112),
    ('XY553UY',73,117,109.86,7065),
    ('XY943IX',68,300,70.39,3494),
    ('BP416OT',64,220,294.58,1735),
    ('PR837GX',188,117,123.19,7877),
    ('LX474XH',106,298,266.9,6942),
    ('TE083AZ',190,186,241.33,2819),
    ('EZ180XS',29,298,161.83,5645),
    ('AU213AY',71,22,163.69,8601),
    ('US694YW',95,227,119.23,9080),
    ('GK776VR',67,131,146.94,7915),
    ('HK259II',78,156,293.86,2876),
    ('NR958AE',49,100,162.14,2213),
    ('PN637FB',112,176,274.09,2222),
    ('SN952JO',125,84,257.98,8224),
    ('WA083AC',26,74,97.93,4228),
    ('DJ927AH',95,250,194.14,8149),
    ('BJ824QI',186,168,136.28,935),
    ('JG766SV',80,231,279.63,5291),
    ('TF897GE',175,29,189.3,4357),
    ('JG718ZR',137,82,57.75,3814),
    ('RH091FR',40,225,73.07,5318),
    ('GQ986DF',101,242,295.39,6493),
    ('XG471NK',51,77,61.84,2098),
    ('BK665RS',22,96,222.86,6145),
    ('WT081CC',34,285,90.42,9620),
    ('HV041DV',51,49,241.42,4477),
    ('CT088KQ',158,295,191.53,7311),
    ('AL549CZ',149,248,155.06,6685),
    ('QF128UE',44,37,220.94,1688),
    ('LE653AS',46,101,101.09,2423),
    ('JN691GS',28,108,204.3,2128),
    ('KF359ZQ',65,187,288.94,3725),
    ('BC858IG',16,177,283.74,9199),
    ('EH451OC',90,28,94.25,1400),
    ('WN786JK',40,162,105.14,8447),
    ('UK542WU',91,161,64.63,5630),
    ('MQ118DU',129,217,51.83,1260),
    ('HH079GA',196,122,55.0,429),
    ('AC658JX',46,292,68.64,2972),
    ('MN297GW',149,21,290.0,6056),
    ('QM798GX',116,53,96.57,6525),
    ('VZ092IV',122,170,206.46,5754),
    ('PW519IL',18,205,149.97,4621),
    ('BO874KN',41,233,88.19,6516),
    ('RA286SA',48,295,236.0,2775),
    ('BW410BA',21,60,125.72,6583),
    ('FM062NW',160,24,255.22,9199),
    ('XG158XA',189,141,125.17,7734),
    ('NT794JT',27,192,127.96,8647),
    ('EZ730AW',184,298,125.0,9990),
    ('RU731DX',136,171,280.88,5691),
    ('VH658BE',80,195,287.79,2827),
    ('QF813TZ',110,86,145.55,7259),
    ('XW624RW',125,199,93.01,3739),
    ('TP121RX',109,253,274.18,5433),
    ('MY986UO',173,214,232.4,4698),
    ('LI529ZS',37,208,136.96,2148),
    ('MF100HO',131,109,223.12,6650),
    ('KZ306NG',143,121,108.33,7280),
    ('CP314ZN',72,262,239.96,7049),
    ('YN517SF',45,282,117.58,7649),
    ('MZ023MJ',165,187,195.89,4980),
    ('HE460EN',32,169,132.3,6603),
    ('BS851KU',180,229,142.88,7535),
    ('SU795XH',147,176,182.69,3038),
    ('PT206AR',196,22,149.84,4587),
    ('KR779YY',195,147,87.91,1271),
    ('TO837PC',148,92,281.54,5616),
    ('TP241GR',164,85,123.75,9026),
    ('DZ427XS',15,229,92.91,8522),
    ('OZ845MQ',136,85,247.0,8480),
    ('OU655FI',39,274,92.37,4706),
    ('AJ824IW',131,141,255.52,3567);

INSERT INTO ASSICURAZIONE VALUES
    ('UN605WD',147,1383,2580),
    ('XE121BC',172,1732,1867),
    ('VS655UA',49,1426,2641),
    ('HN933HD',177,2820,1757),
    ('MK071VT',181,2385,2206),
    ('YP253SV',94,2066,2148),
    ('OF279SO',255,884,986),
    ('VA845DP',114,2021,1077),
    ('XH010HJ',223,2170,1460),
    ('GK336PL',36,2568,2313),
    ('TS838KP',8,2068,1291),
    ('QW389LX',110,1976,738),
    ('QN064HQ',263,969,827),
    ('SK513NX',196,2185,2819),
    ('TC750UY',166,1240,1669),
    ('RA216FG',84,2875,1185),
    ('UY796NW',161,2989,1954),
    ('IO616DK',147,2384,2171),
    ('UV816NB',115,2859,2762),
    ('RB818WJ',63,2751,2403),
    ('HN498RU',112,1268,1037),
    ('JF533BG',90,2955,1625),
    ('IX828RO',209,2764,1004),
    ('XA103ZX',287,946,2007),
    ('JU410JF',248,848,1671),
    ('HI616VZ',253,1413,2101),
    ('RJ631FH',273,1166,1279),
    ('CR142YN',232,2954,2309),
    ('WL410XH',230,1902,1113),
    ('IQ018FK',219,1575,2959),
    ('ZN105SI',99,2915,1248),
    ('TT590SN',47,1603,916),
    ('RH170NF',262,860,1093),
    ('WN697QW',134,1521,2314),
    ('YD361MU',176,1715,2356),
    ('JO292QH',225,2376,2696),
    ('CU840ID',210,771,629),
    ('TF665DI',276,2819,1845),
    ('IC896EA',233,2719,1967),
    ('JB793KL',186,2257,1166),
    ('IH050CL',55,2474,1597),
    ('HY300LW',195,1714,2273),
    ('JD723ME',207,1177,1054),
    ('FC724SO',37,2962,753),
    ('KO939RC',23,1659,1014),
    ('JW192ST',20,1751,2463),
    ('VW782DX',215,1964,1604),
    ('OK796OI',105,2953,2256),
    ('ZK413WP',230,2137,2655),
    ('NW373TW',7,1256,2463),
    ('OU949ZC',159,2867,787),
    ('PH595EN',58,1998,906),
    ('BL399CW',104,2916,2913),
    ('GR722NM',83,1478,1685),
    ('FG292AO',28,1592,1373),
    ('QW430OR',60,2186,2591),
    ('GC470GV',212,2337,606),
    ('XI848NA',27,1972,1627),
    ('LL955VO',56,2949,1280),
    ('MV244ZS',281,2334,1634),
    ('OU207QE',56,934,2284),
    ('HT894VW',46,2147,552),
    ('ZS093WB',199,2787,1672),
    ('QX966YO',214,1733,2244),
    ('FR694TP',72,2618,2036),
    ('YJ115FK',183,1791,2273),
    ('WG048UJ',48,2670,1695),
    ('DR737HG',7,987,829),
    ('DS220IM',225,2098,1644),
    ('SY686VQ',168,1921,1876),
    ('EV487DM',292,796,1404),
    ('KE604RN',216,2107,1758),
    ('UK370IP',139,1866,1853),
    ('ZU619ID',92,1148,1551),
    ('HE297JZ',180,1371,564),
    ('WL015PY',93,1824,503),
    ('ZO533AD',262,1969,643),
    ('NT827YC',99,1322,1923),
    ('MY513DA',86,1627,2807),
    ('DK358ER',161,2864,2245),
    ('SE895QD',251,1936,1466),
    ('SP831NK',40,2025,1242),
    ('WV531XU',176,1243,2658),
    ('MC286YW',2,2826,1420),
    ('BO925HX',239,845,2100),
    ('MI057CB',85,1066,1675),
    ('CO697YR',62,1774,1233),
    ('WB104PC',169,1048,597),
    ('RY300VE',119,1977,860),
    ('IR197BJ',134,1984,2841),
    ('MQ370BZ',10,2450,2095),
    ('BU637DI',264,2992,2569),
    ('XZ227MF',263,854,1842),
    ('GG405HR',108,2101,690),
    ('TD386MR',135,811,966),
    ('ND851JF',238,1657,520),
    ('HN732FG',298,2438,2593),
    ('AL645VY',280,2960,2410),
    ('BK099BH',144,1179,1454),
    ('TV445OH',85,1768,1744),
    ('NN156JP',201,1265,2041),
    ('WB572AG',22,1863,2352),
    ('ZT744FK',272,2923,1640),
    ('IU149IQ',130,2729,1670),
    ('BW670TY',3,2187,969),
    ('NE036HD',255,2769,1220),
    ('SP895FQ',124,782,2053),
    ('PW962YZ',104,2761,1240),
    ('OU545JS',143,1734,925),
    ('OH789MA',212,782,524),
    ('DG571JP',181,1859,1553),
    ('KL007OR',21,1902,2294),
    ('LL969GL',188,2004,939),
    ('YA969ZW',99,956,2659),
    ('KW107LP',59,1710,1322),
    ('LC221ZN',54,2669,751),
    ('NO410VF',85,1914,1742),
    ('SL298IZ',205,1554,2836),
    ('PS383VU',235,1625,1604),
    ('DZ932RD',4,2815,1976),
    ('ZN752CC',28,1964,981),
    ('HC160KP',31,2418,1102),
    ('VT437KW',172,1728,1902),
    ('KO325VF',281,2982,855),
    ('UK287LK',7,2550,2799),
    ('NW405PR',268,2192,1459),
    ('LI393AX',76,2874,1172),
    ('XY553UY',222,2213,809),
    ('XY943IX',8,1753,600),
    ('BP416OT',280,2476,1009),
    ('PR837GX',18,1197,2661),
    ('LX474XH',17,1495,2035),
    ('TE083AZ',139,1654,2452),
    ('EZ180XS',203,1369,2937),
    ('AU213AY',153,1917,975),
    ('US694YW',93,804,2930),
    ('GK776VR',36,1159,2926),
    ('HK259II',155,1856,1192),
    ('NR958AE',229,2049,2320),
    ('PN637FB',81,2266,675),
    ('SN952JO',247,1417,2279),
    ('WA083AC',221,728,2491),
    ('DJ927AH',287,1519,1832),
    ('BJ824QI',68,2251,1003),
    ('JG766SV',133,1334,1916),
    ('TF897GE',174,800,1997),
    ('JG718ZR',113,969,2149),
    ('RH091FR',68,1160,1422),
    ('GQ986DF',171,2388,1755),
    ('XG471NK',159,2475,579),
    ('BK665RS',187,1096,1361),
    ('WT081CC',164,2452,2861),
    ('HV041DV',141,1797,2799),
    ('CT088KQ',279,2845,2969),
    ('AL549CZ',290,2605,2082),
    ('QF128UE',112,1407,2064),
    ('LE653AS',30,2233,2919),
    ('JN691GS',51,841,618),
    ('KF359ZQ',219,2166,732),
    ('BC858IG',127,1665,1775),
    ('EH451OC',165,781,1194),
    ('WN786JK',68,2844,1101),
    ('UK542WU',75,1010,1670),
    ('MQ118DU',141,1080,1302),
    ('HH079GA',131,754,2675),
    ('AC658JX',278,2205,746),
    ('MN297GW',277,2296,691),
    ('QM798GX',12,720,2116),
    ('VZ092IV',212,2459,1192),
    ('PW519IL',284,1360,2673),
    ('BO874KN',84,1849,2147),
    ('RA286SA',95,1657,2601),
    ('BW410BA',20,2004,602),
    ('FM062NW',128,1898,2893),
    ('XG158XA',169,1704,1327),
    ('NT794JT',284,1300,953),
    ('EZ730AW',115,1120,1833),
    ('RU731DX',3,2136,1883),
    ('VH658BE',36,2596,1784),
    ('QF813TZ',260,931,2454),
    ('XW624RW',238,836,2470),
    ('TP121RX',265,2112,2965),
    ('MY986UO',161,1701,2233),
    ('LI529ZS',33,2589,900),
    ('MF100HO',134,2532,2602),
    ('KZ306NG',176,1727,2330),
    ('CP314ZN',88,1376,2870),
    ('YN517SF',258,1732,2428),
    ('MZ023MJ',84,729,1449),
    ('HE460EN',35,2893,2268),
    ('BS851KU',68,1163,1102),
    ('SU795XH',97,2506,2437),
    ('PT206AR',154,2350,2316),
    ('KR779YY',43,1277,2007),
    ('TO837PC',163,2050,2147),
    ('TP241GR',116,2153,615),
    ('DZ427XS',160,2263,2387),
    ('OZ845MQ',192,2448,2488),
    ('OU655FI',236,1472,2857),
    ('AJ824IW',208,1570,2622);

INSERT INTO RECENSIONE VALUES
    (161,'gelmore3p@merriam-webster.com',9,'sed justo pellentesque'),
    (57,'jmaccourt2o@accuweather.com',9,'quam turpis adipiscing lorem vitae mattis nibh'),
    (173,'nheinecken@indiegogo.com',3,'integer non velit donec diam neque vestibulum eget vulputate'),
    (164,'ccabane4o@prlog.org',4,'morbi a ipsum integer a'),
    (150,'emunsey5@techcrunch.com',4,'et ultrices posuere cubilia curae duis faucibus accumsan'),
    (115,'mgalier1@nasa.gov',2,'justo morbi ut'),
    (121,'tplinck4h@cyberchimps.com',2,'tincidunt nulla mollis molestie lorem'),
    (116,'amoogan3t@yandex.ru',6,'duis at velit eu est congue elementum in hac habitasse'),
    (190,'kscaife2n@netscape.com',3,'habitasse'),
    (149,'wladel1z@networkadvertising.org',5,'cubilia curae duis faucibus accumsan odio curabitur convallis'),
    (132,'jvause27@harvard.edu',10,'cras non'),
    (1,'sgristl@fema.gov',4,'aliquam convallis nunc'),
    (98,'qheathcott4a@quantcast.com',9,'consequat lectus in'),
    (191,'cholborn16@ucsd.edu',6,'eu mi nulla ac enim'),
    (44,'rmorrowe2u@huffingtonpost.com',4,'justo'),
    (17,'dpollins34@barnesandnoble.com',2,'pellentesque volutpat dui maecenas tristique est et tempus semper'),
    (48,'swalkley1n@wikimedia.org',4,'amet lobortis sapien'),
    (198,'thyder3@washington.edu',5,'nulla quisque arcu'),
    (107,'danslow4u@nydailynews.com',5,'lacus at velit vivamus vel nulla'),
    (142,'scollingridge56@blog.com',8,'eget semper rutrum nulla nunc purus phasellus'),
    (61,'lweafer59@meetup.com',6,'sodales sed tincidunt eu felis fusce posuere'),
    (89,'gseeviour1c@gnu.org',10,'suspendisse potenti cras in purus eu magna'),
    (93,'eroughley41@sfgate.com',1,'tincidunt eget tempus vel pede morbi'),
    (35,'asygrove5g@pinterest.com',4,'non mi integer ac neque'),
    (28,'jnorthin10@youku.com',8,'ante ipsum primis in faucibus orci luctus et'),
    (185,'thyder3@washington.edu',1,'pede lobortis ligula sit amet eleifend pede libero'),
    (117,'promainti@scientificamerican.com',1,'ultrices posuere'),
    (193,'hrottgers4n@sciencedirect.com',3,'sapien arcu sed augue aliquam erat volutpat in congue'),
    (47,'jsemple21@nymag.com',9,'vel sem sed sagittis nam congue risus semper porta volutpat'),
    (154,'kduffett2j@usa.gov',5,'morbi quis tortor id'),
    (141,'rhayleyb@friendfeed.com',2,'ultrices enim'),
    (177,'tbroadwayg@g.co',8,'quam suspendisse potenti nullam porttitor lacus at turpis donec posuere'),
    (109,'olindores36@bizjournals.com',8,'luctus et ultrices posuere cubilia curae donec'),
    (109,'gbigg20@biblegateway.com',1,'magna ac'),
    (181,'rcremin4t@lulu.com',6,'sit amet justo morbi ut odio cras mi pede'),
    (108,'troad2t@discovery.com',2,'vel augue vestibulum rutrum rutrum neque aenean auctor'),
    (78,'kdarnbrook2w@disqus.com',2,'tincidunt'),
    (128,'ecalderbank3q@booking.com',2,'etiam'),
    (174,'mulyat4q@taobao.com',5,'pellentesque viverra pede ac diam cras pellentesque volutpat'),
    (21,'amantz2s@linkedin.com',2,'hac habitasse platea dictumst aliquam augue'),
    (73,'amoogan3t@yandex.ru',1,'id justo sit amet sapien dignissim vestibulum vestibulum'),
    (96,'gastill1p@goodreads.com',8,'ultrices posuere cubilia'),
    (97,'groyson35@ucla.edu',5,'ut massa volutpat convallis'),
    (66,'sgristl@fema.gov',3,'nam congue risus semper porta volutpat quam pede lobortis ligula'),
    (78,'cpietruszka47@dell.com',3,'vestibulum'),
    (35,'pfincke5a@com.com',3,'lorem integer tincidunt ante vel ipsum praesent blandit lacinia erat'),
    (95,'cpietruszka47@dell.com',8,'augue vel accumsan tellus nisi eu orci mauris lacinia'),
    (161,'mmoretto4s@ucoz.com',7,'eleifend quam a odio in'),
    (124,'egilvear18@naver.com',4,'sed vestibulum sit amet cursus id turpis integer aliquet massa'),
    (76,'bbarnewall50@geocities.com',6,'pellentesque at nulla suspendisse potenti cras in purus'),
    (123,'garney30@usa.gov',5,'amet eleifend pede libero quis orci nullam molestie nibh in'),
    (96,'uharlett2v@kickstarter.com',9,'non'),
    (167,'kpoley40@goo.ne.jp',9,'ligula pellentesque ultrices phasellus id sapien in sapien iaculis'),
    (150,'wtofful2h@webmd.com',10,'ut mauris eget massa tempor convallis nulla'),
    (35,'rkalinke1x@berkeley.edu',8,'dictumst etiam faucibus cursus urna ut tellus'),
    (156,'promainti@scientificamerican.com',1,'mollis'),
    (128,'edalston3u@vk.com',4,'nisl aenean lectus pellentesque eget nunc donec quis'),
    (95,'kscaife2n@netscape.com',1,'aliquam augue quam sollicitudin vitae consectetuer eget rutrum at lorem'),
    (133,'olindores36@bizjournals.com',5,'vel augue vestibulum'),
    (173,'kduffett2j@usa.gov',5,'vitae mattis'),
    (179,'erubinivitz49@dmoz.org',8,'velit nec'),
    (72,'ewoolaston3y@walmart.com',1,'diam vitae quam suspendisse potenti nullam porttitor lacus at'),
    (195,'ymerrilees3j@networkadvertising.org',10,'nulla suspendisse potenti cras'),
    (27,'aluesley46@fc2.com',6,'at turpis donec posuere metus vitae ipsum aliquam'),
    (139,'gelmore3p@merriam-webster.com',5,'in faucibus orci luctus et ultrices posuere'),
    (30,'lgwilt5h@weibo.com',1,'cubilia curae donec pharetra magna vestibulum aliquet'),
    (46,'kabthorpe4l@shutterfly.com',9,'nulla nisl nunc nisl'),
    (5,'bneagle4d@cdc.gov',8,'massa id nisl venenatis lacinia aenean sit amet justo morbi'),
    (37,'mulyat4q@taobao.com',9,'nulla'),
    (169,'orannald55@163.com',2,'lectus pellentesque eget nunc donec quis orci eget orci'),
    (190,'sgristl@fema.gov',6,'elit'),
    (144,'wkidd3e@github.com',2,'duis aliquam convallis nunc proin at'),
    (199,'lspeariett3a@sitemeter.com',2,'volutpat in'),
    (156,'eferrone4e@rediff.com',6,'in sapien iaculis congue vivamus metus arcu adipiscing molestie'),
    (37,'olindores36@bizjournals.com',8,'ac tellus semper interdum'),
    (100,'wladel1z@networkadvertising.org',4,'fusce lacus purus aliquet at feugiat non pretium quis lectus'),
    (193,'thyder3@washington.edu',5,'massa'),
    (54,'aseniour5e@sitemeter.com',8,'ligula in lacus curabitur at ipsum ac'),
    (188,'faldington3l@webeden.co.uk',4,'ac est lacinia nisi venenatis tristique fusce congue diam'),
    (80,'jvause27@harvard.edu',3,'vestibulum ante ipsum primis in faucibus orci luctus et ultrices'),
    (28,'mcutbush11@reuters.com',5,'tellus nisi eu orci mauris lacinia sapien quis libero'),
    (69,'tbende6@amazon.co.uk',2,'vivamus vel nulla eget eros'),
    (4,'iwhartonby4j@simplemachines.org',9,'tristique fusce congue diam id ornare imperdiet'),
    (148,'wkidd3e@github.com',6,'leo maecenas pulvinar lobortis'),
    (81,'sgristl@fema.gov',1,'eget vulputate ut ultrices vel'),
    (67,'bneagle4d@cdc.gov',2,'nisl nunc nisl duis bibendum felis sed interdum venenatis'),
    (131,'gshoebotham3w@cbslocal.com',1,'morbi'),
    (162,'bhicks22@sourceforge.net',1,'non lectus aliquam sit amet diam in magna bibendum'),
    (170,'tbroadwayg@g.co',3,'ac consequat metus'),
    (142,'kdarnbrook2w@disqus.com',3,'elementum eu interdum eu tincidunt'),
    (149,'dcaltun3f@indiegogo.com',3,'integer tincidunt ante vel ipsum'),
    (175,'scollingridge56@blog.com',2,'sapien'),
    (159,'thyder3@washington.edu',2,'ornare'),
    (31,'ryurchenko2x@sciencedaily.com',7,'ac enim in tempor turpis nec euismod'),
    (16,'ccabane4o@prlog.org',3,'cubilia curae nulla'),
    (174,'adelboux7@technorati.com',3,'donec pharetra magna vestibulum aliquet ultrices erat tortor sollicitudin'),
    (118,'whiggoe1f@tamu.edu',1,'cum sociis'),
    (86,'ggamettq@t.co',2,'nullam molestie nibh in lectus pellentesque at nulla'),
    (22,'oskyrm3h@indiegogo.com',2,'vestibulum sit amet cursus id'),
    (143,'idealc@blinklist.com',1,'quam sollicitudin vitae consectetuer eget'),
    (122,'amoogan3t@yandex.ru',3,'curae nulla dapibus dolor vel est donec odio justo sollicitudin'),
    (143,'rcarolinem@alexa.com',6,'et eros vestibulum'),
    (70,'cmullany3g@weibo.com',6,'morbi'),
    (123,'ceicke4@salon.com',10,'luctus'),
    (23,'nbrownfield52@com.com',1,'interdum eu tincidunt in leo maecenas'),
    (7,'croots53@cocolog-nifty.com',4,'turpis adipiscing lorem vitae mattis nibh ligula nec sem duis'),
    (119,'owoolard1l@sciencedaily.com',3,'ultrices posuere'),
    (194,'bolekhov29@wordpress.org',3,'a ipsum integer a nibh in quis justo maecenas rhoncus'),
    (63,'nstennes4k@yellowbook.com',5,'eu felis fusce posuere felis'),
    (148,'tplinck4h@cyberchimps.com',4,'blandit lacinia erat vestibulum sed magna'),
    (6,'gjobson2l@t-online.de',4,'justo maecenas rhoncus aliquam lacus morbi quis tortor id nulla'),
    (56,'rvaadeland1i@hexun.com',4,'vivamus vel nulla eget eros elementum'),
    (100,'ryurchenko2x@sciencedaily.com',2,'lobortis sapien sapien non mi'),
    (133,'thyder3@washington.edu',6,'tincidunt ante vel ipsum praesent blandit lacinia erat vestibulum'),
    (173,'mschruyers5b@msu.edu',6,'quisque porta volutpat erat quisque erat eros viverra'),
    (80,'mklimkiewich2@europa.eu',4,'pellentesque ultrices phasellus id sapien in sapien iaculis congue'),
    (179,'lglasby26@studiopress.com',4,'maecenas'),
    (182,'cjouhandeau12@google.co.uk',3,'scelerisque quam turpis adipiscing lorem vitae mattis'),
    (113,'ylearoid1y@jigsy.com',1,'enim sit amet nunc viverra dapibus nulla suscipit ligula'),
    (77,'rloft1e@oracle.com',3,'id sapien in sapien iaculis congue vivamus metus'),
    (160,'rcremin4t@lulu.com',8,'vel'),
    (177,'cedlyne2d@go.com',6,'molestie sed justo pellentesque viverra'),
    (182,'rcaulcott43@prnewswire.com',7,'vestibulum sed magna'),
    (171,'erubinivitz49@dmoz.org',7,'vel nulla eget eros elementum pellentesque'),
    (171,'nstennes4k@yellowbook.com',7,'amet nunc viverra dapibus nulla suscipit ligula in lacus curabitur'),
    (164,'tgosby37@guardian.co.uk',2,'eget eros elementum pellentesque quisque porta volutpat erat quisque erat'),
    (36,'idyson1v@reverbnation.com',6,'quisque ut erat'),
    (73,'nsteinham3o@opera.com',4,'in consequat ut nulla sed accumsan felis'),
    (70,'fgioan2p@wsj.com',3,'nulla ut'),
    (193,'cnind2g@com.com',1,'non'),
    (10,'bmilsted2r@comcast.net',2,'lorem quisque ut erat'),
    (69,'aseniour5e@sitemeter.com',10,'mauris vulputate elementum'),
    (5,'aashingden1w@facebook.com',6,'cubilia'),
    (149,'emeese1s@blogtalkradio.com',6,'platea dictumst aliquam augue quam sollicitudin vitae consectetuer'),
    (189,'dpollins34@barnesandnoble.com',1,'nisi volutpat eleifend donec ut dolor'),
    (190,'wtyre2f@opensource.org',3,'maecenas tincidunt'),
    (166,'gelmore3p@merriam-webster.com',6,'molestie lorem quisque ut erat curabitur gravida nisi at nibh'),
    (193,'mwhal9@arstechnica.com',5,'sem fusce consequat'),
    (162,'emackenziex@cocolog-nifty.com',8,'nulla quisque arcu libero rutrum ac'),
    (66,'avasyutochkin4i@virginia.edu',8,'dolor sit amet consectetuer adipiscing elit proin'),
    (101,'ceicke4@salon.com',4,'non'),
    (42,'egilvear18@naver.com',9,'potenti nullam porttitor lacus at'),
    (169,'emeese1s@blogtalkradio.com',6,'lacus purus'),
    (21,'gpauels@hhs.gov',10,'pretium iaculis diam erat fermentum justo'),
    (101,'idealc@blinklist.com',9,'primis in faucibus orci'),
    (20,'ymerrilees3j@networkadvertising.org',6,'faucibus cursus urna ut tellus nulla ut erat id'),
    (150,'troad2t@discovery.com',5,'tempus semper est quam pharetra magna ac'),
    (102,'iwhartonby4j@simplemachines.org',9,'praesent lectus vestibulum quam sapien varius ut'),
    (43,'groyson35@ucla.edu',5,'vel lectus in quam fringilla'),
    (69,'lweafer59@meetup.com',7,'blandit non interdum in ante vestibulum'),
    (131,'lemney3i@timesonline.co.uk',2,'in libero ut massa volutpat convallis morbi odio'),
    (48,'mwaren32@51.la',9,'porttitor id consequat'),
    (45,'msidry39@omniture.com',6,'dis parturient montes nascetur ridiculus mus etiam vel augue'),
    (174,'amantz2s@linkedin.com',6,'ultrices posuere cubilia curae mauris viverra diam'),
    (177,'gmckeefry2i@youtu.be',7,'accumsan tortor quis turpis sed ante vivamus tortor duis mattis'),
    (138,'bdreini4p@yellowpages.com',2,'praesent id'),
    (61,'amoogan3t@yandex.ru',7,'sapien placerat ante nulla justo aliquam quis turpis eget elit'),
    (95,'rmacroww@qq.com',3,'id turpis integer aliquet'),
    (198,'mskuce4y@gnu.org',5,'ipsum primis in faucibus orci luctus et'),
    (154,'kpoley40@goo.ne.jp',8,'turpis sed ante vivamus tortor duis mattis egestas'),
    (17,'rvaadeland1i@hexun.com',10,'nulla nunc purus phasellus in felis donec semper sapien'),
    (134,'wkidd3e@github.com',8,'quis justo maecenas'),
    (168,'smarrable2a@narod.ru',1,'semper est quam pharetra magna ac consequat'),
    (82,'emacbane51@cnn.com',4,'maecenas rhoncus aliquam lacus'),
    (112,'scollingridge56@blog.com',5,'libero ut massa volutpat convallis'),
    (122,'nsteinham3o@opera.com',7,'eu mi nulla ac'),
    (104,'ajirucao@biglobe.ne.jp',2,'nunc rhoncus dui vel sem'),
    (120,'groyson35@ucla.edu',7,'in tempor turpis nec euismod'),
    (118,'kdarnbrook2w@disqus.com',7,'interdum eu tincidunt in leo maecenas pulvinar lobortis'),
    (143,'cfeige2e@chronoengine.com',2,'nunc rhoncus dui vel sem sed'),
    (176,'promainti@scientificamerican.com',5,'luctus cum sociis natoque penatibus et magnis'),
    (59,'cholborn16@ucsd.edu',4,'luctus tincidunt nulla mollis'),
    (156,'bstare3v@skype.com',6,'sapien'),
    (189,'gpauels@hhs.gov',7,'curae'),
    (25,'mcutbush11@reuters.com',1,'risus auctor sed tristique in tempus sit amet'),
    (1,'dpollins34@barnesandnoble.com',7,'accumsan tortor quis turpis sed ante'),
    (121,'rcaulcott43@prnewswire.com',1,'velit eu'),
    (30,'olindores36@bizjournals.com',10,'rhoncus aliquam lacus morbi quis'),
    (150,'rcremin4t@lulu.com',5,'ullamcorper purus sit amet'),
    (57,'rmurrhaupt1g@homestead.com',5,'viverra pede ac'),
    (177,'ftwinbornet@stanford.edu',7,'rhoncus dui vel'),
    (132,'amantz2s@linkedin.com',10,'in libero'),
    (182,'cedlyne2d@go.com',8,'nunc'),
    (6,'ajirucao@biglobe.ne.jp',10,'vestibulum eget vulputate ut ultrices vel augue vestibulum ante ipsum'),
    (175,'gastill1p@goodreads.com',10,'maecenas rhoncus aliquam lacus morbi quis'),
    (100,'gbigg20@biblegateway.com',9,'ut odio cras mi'),
    (163,'cfeige2e@chronoengine.com',2,'vestibulum ante ipsum primis in faucibus orci luctus et'),
    (95,'danslow4u@nydailynews.com',8,'nunc rhoncus dui vel sem sed sagittis nam'),
    (22,'cpietruszka47@dell.com',5,'rhoncus sed vestibulum sit amet cursus'),
    (33,'lemney3i@timesonline.co.uk',9,'aliquam lacus morbi quis tortor id nulla'),
    (114,'ugautrey4g@prweb.com',6,'blandit ultrices'),
    (117,'vsearl3z@cornell.edu',9,'in hac habitasse platea dictumst aliquam augue'),
    (73,'hpovah2z@gizmodo.com',2,'dui vel nisl duis ac nibh fusce lacus purus'),
    (179,'asygrove5g@pinterest.com',2,'massa quis augue luctus tincidunt nulla mollis molestie lorem'),
    (134,'kdarnbrook2w@disqus.com',7,'duis'),
    (181,'hrottgers4n@sciencedirect.com',10,'amet turpis elementum ligula vehicula consequat'),
    (21,'cpietruszka47@dell.com',8,'non velit nec nisi'),
    (39,'aseniour5e@sitemeter.com',2,'curabitur convallis duis'),
    (189,'edalston3u@vk.com',9,'mattis pulvinar nulla pede ullamcorper'),
    (48,'gshoebotham3w@cbslocal.com',1,'posuere'),
    (81,'ajirucao@biglobe.ne.jp',3,'nulla'),
    (124,'kabthorpe4l@shutterfly.com',1,'nec'),
    (52,'dcurrao3r@theatlantic.com',9,'eget congue'),
    (102,'cholborn16@ucsd.edu',2,'adipiscing molestie hendrerit at vulputate vitae nisl'),
    (152,'jmallall1a@gov.uk',10,'diam nam tristique tortor eu pede'),
    (68,'kdarnbrook2w@disqus.com',1,'pellentesque'),
    (144,'bhillettd@smugmug.com',9,'imperdiet et commodo vulputate'),
    (159,'phendrikse25@shutterfly.com',6,'ut ultrices vel augue vestibulum ante ipsum primis in'),
    (163,'kpoley40@goo.ne.jp',3,'ultrices posuere cubilia curae mauris viverra diam vitae'),
    (46,'askeletonj@chicagotribune.com',1,'id ligula suspendisse ornare consequat lectus in est risus auctor'),
    (34,'lfilyushkin44@wordpress.org',5,'dui'),
    (107,'ptaks8@g.co',9,'scelerisque mauris'),
    (162,'htheseira1u@ovh.net',2,'cras'),
    (21,'bolekhov29@wordpress.org',7,'curae donec pharetra magna vestibulum aliquet'),
    (95,'fcheine5i@facebook.com',10,'volutpat convallis morbi odio odio elementum eu'),
    (145,'mulyat4q@taobao.com',1,'volutpat sapien'),
    (93,'iannott1k@netvibes.com',10,'faucibus accumsan odio'),
    (155,'cedlyne2d@go.com',1,'lorem integer'),
    (85,'cmattinson1r@weather.com',2,'duis bibendum morbi non quam'),
    (77,'dshilleto23@ca.gov',7,'sapien a'),
    (28,'wkidd3e@github.com',2,'non velit nec nisi'),
    (46,'tgosby37@guardian.co.uk',10,'sed lacus morbi sem'),
    (185,'tbende6@amazon.co.uk',3,'vestibulum quam sapien varius'),
    (91,'lemney3i@timesonline.co.uk',1,'mus vivamus vestibulum sagittis sapien cum sociis'),
    (153,'mwaren32@51.la',7,'quam nec dui luctus rutrum nulla tellus in sagittis dui'),
    (188,'mwhal9@arstechnica.com',8,'sed tincidunt'),
    (70,'iocrigan4z@comsenz.com',4,'sed justo pellentesque viverra pede ac diam'),
    (93,'ekoenenf@va.gov',4,'habitasse platea dictumst aliquam augue quam sollicitudin'),
    (136,'lemney3i@timesonline.co.uk',4,'nulla ut erat id'),
    (35,'cholborn16@ucsd.edu',8,'et commodo vulputate justo in blandit ultrices enim lorem'),
    (55,'ghenrion4b@drupal.org',7,'gravida'),
    (43,'ftwinbornet@stanford.edu',7,'pede libero quis'),
    (75,'vbrankley3c@chron.com',5,'libero quis orci nullam molestie nibh'),
    (135,'cmullany3g@weibo.com',5,'pede'),
    (129,'dshilleto23@ca.gov',7,'dis parturient montes nascetur ridiculus mus'),
    (11,'mwaren32@51.la',8,'a pede posuere nonummy integer non velit donec diam'),
    (164,'ylearoid1y@jigsy.com',3,'magna bibendum imperdiet'),
    (158,'asygrove5g@pinterest.com',9,'proin leo odio porttitor id consequat in consequat'),
    (58,'nsteinham3o@opera.com',5,'eu interdum eu tincidunt in leo'),
    (48,'eabrahmovicih@google.co.uk',6,'vulputate luctus'),
    (97,'dpollins34@barnesandnoble.com',6,'nunc vestibulum ante ipsum primis in faucibus'),
    (44,'asnarttr@xing.com',8,'phasellus in'),
    (100,'mwhal9@arstechnica.com',10,'adipiscing molestie hendrerit at vulputate'),
    (162,'sstalf17@xing.com',9,'nunc'),
    (79,'eabrahmovicih@google.co.uk',8,'in'),
    (114,'kfleote1b@hp.com',2,'consequat metus sapien ut nunc vestibulum ante ipsum primis'),
    (3,'asnarttr@xing.com',1,'odio consequat varius'),
    (166,'mdegiovanni3d@live.com',5,'felis ut at dolor quis odio consequat');
INSERT INTO RECENSIONE VALUES
    (20,'groyson35@ucla.edu',9,'nulla mollis molestie lorem quisque ut erat curabitur gravida nisi'),
    (196,'ccabane4o@prlog.org',4,'gravida sem praesent id massa id nisl'),
    (139,'ghenrion4b@drupal.org',2,'non mauris morbi'),
    (124,'nsteinham3o@opera.com',1,'elit sodales scelerisque mauris sit amet eros'),
    (46,'lgwilt5h@weibo.com',10,'sed sagittis'),
    (88,'danslow4u@nydailynews.com',3,'lorem vitae mattis'),
    (38,'rcarolinem@alexa.com',2,'ultrices vel augue vestibulum ante'),
    (124,'rvaadeland1i@hexun.com',7,'at ipsum ac'),
    (89,'emunsey5@techcrunch.com',10,'lacus purus aliquet'),
    (93,'fnye14@pen.io',5,'non'),
    (159,'owoolard1l@sciencedaily.com',1,'pretium iaculis justo in'),
    (6,'gmckeefry2i@youtu.be',7,'phasellus in felis donec semper sapien a libero nam dui'),
    (200,'bhillettd@smugmug.com',3,'nisi vulputate nonummy'),
    (13,'mklimkiewich2@europa.eu',8,'eget massa tempor convallis nulla neque libero convallis eget eleifend'),
    (115,'rgribben1q@whitehouse.gov',9,'congue etiam justo etiam pretium iaculis justo in hac habitasse'),
    (19,'ydaintith4m@pinterest.com',9,'non mattis pulvinar'),
    (179,'aluesley46@fc2.com',8,'sollicitudin mi sit amet lobortis sapien sapien non mi integer'),
    (147,'ryurchenko2x@sciencedaily.com',6,'vehicula condimentum curabitur'),
    (108,'mschruyers5b@msu.edu',8,'nisi vulputate nonummy maecenas'),
    (107,'bsurgen3n@mayoclinic.com',1,'odio cras mi pede'),
    (30,'eroughley41@sfgate.com',8,'rhoncus'),
    (76,'bstare3v@skype.com',4,'justo etiam pretium iaculis justo in'),
    (128,'idyson1v@reverbnation.com',5,'ante vel ipsum praesent blandit lacinia erat'),
    (168,'cpietruszka47@dell.com',2,'morbi non'),
    (105,'owoolard1l@sciencedaily.com',9,'nam'),
    (185,'troad2t@discovery.com',10,'ligula sit amet eleifend pede libero'),
    (172,'gshoebotham3w@cbslocal.com',7,'interdum eu tincidunt in leo'),
    (123,'bbarnewall50@geocities.com',9,'viverra dapibus nulla'),
    (170,'bmacaleese3m@cisco.com',7,'consectetuer eget rutrum at lorem integer tincidunt ante'),
    (98,'rmurrhaupt1g@homestead.com',4,'quam sollicitudin vitae consectetuer eget rutrum at'),
    (193,'mbunner54@163.com',7,'eleifend pede libero quis orci nullam molestie nibh in'),
    (172,'grohmery@indiatimes.com',3,'nibh quisque id justo sit amet sapien dignissim vestibulum vestibulum'),
    (66,'lwelburn4w@ihg.com',2,'rhoncus aliquam lacus morbi quis tortor'),
    (46,'htheseira1u@ovh.net',5,'augue luctus tincidunt nulla mollis molestie lorem quisque ut'),
    (98,'ryurchenko2x@sciencedaily.com',3,'integer'),
    (53,'mdegiovanni3d@live.com',2,'ut massa volutpat convallis morbi odio odio elementum eu interdum'),
    (173,'lgwilt5h@weibo.com',1,'neque libero convallis eget'),
    (23,'djedrzejkiewicz15@nydailynews.com',10,'dolor sit'),
    (130,'rgribben1q@whitehouse.gov',2,'quam pharetra magna'),
    (35,'erubinivitz49@dmoz.org',1,'erat'),
    (197,'cedlyne2d@go.com',4,'integer non velit donec'),
    (12,'jvause27@harvard.edu',9,'iaculis diam erat'),
    (50,'pfincke5a@com.com',1,'morbi non lectus aliquam sit amet diam in'),
    (33,'mmoretto4s@ucoz.com',2,'nulla tempus vivamus in felis'),
    (16,'dpollins34@barnesandnoble.com',2,'augue vel accumsan tellus nisi eu orci mauris lacinia sapien'),
    (72,'idyson1v@reverbnation.com',2,'aliquam'),
    (145,'iannott1k@netvibes.com',2,'nulla nunc purus phasellus in felis donec'),
    (153,'gpauels@hhs.gov',2,'ipsum primis in faucibus orci luctus et ultrices posuere cubilia'),
    (115,'rloft1e@oracle.com',10,'massa id nisl venenatis lacinia aenean sit amet justo'),
    (150,'mwalmsley38@mozilla.org',8,'in leo maecenas pulvinar lobortis est phasellus');

INSERT INTO LOCALIZZATO VALUES
    ('UN605WD',61),
    ('XE121BC',96),
    ('VS655UA',58),
    ('HN933HD',79),
    ('MK071VT',72),
    ('YP253SV',20),
    ('OF279SO',38),
    ('VA845DP',18),
    ('XH010HJ',86),
    ('GK336PL',37),
    ('TS838KP',78),
    ('QW389LX',64),
    ('QN064HQ',67),
    ('SK513NX',24),
    ('TC750UY',69),
    ('RA216FG',82),
    ('UY796NW',40),
    ('IO616DK',53),
    ('UV816NB',30),
    ('RB818WJ',23),
    ('HN498RU',57),
    ('JF533BG',68),
    ('IX828RO',47),
    ('XA103ZX',2),
    ('JU410JF',72),
    ('HI616VZ',65),
    ('RJ631FH',58),
    ('CR142YN',57),
    ('WL410XH',51),
    ('IQ018FK',42),
    ('ZN105SI',87),
    ('TT590SN',84),
    ('RH170NF',20),
    ('WN697QW',40),
    ('YD361MU',63),
    ('JO292QH',44),
    ('CU840ID',46),
    ('TF665DI',70),
    ('IC896EA',61),
    ('JB793KL',24),
    ('IH050CL',25),
    ('HY300LW',76),
    ('JD723ME',62),
    ('FC724SO',22),
    ('KO939RC',75),
    ('JW192ST',80),
    ('VW782DX',54),
    ('OK796OI',49),
    ('ZK413WP',34),
    ('NW373TW',39),
    ('OU949ZC',96),
    ('PH595EN',45),
    ('BL399CW',3),
    ('GR722NM',51),
    ('FG292AO',45),
    ('QW430OR',72),
    ('GC470GV',19),
    ('XI848NA',44),
    ('LL955VO',31),
    ('MV244ZS',61),
    ('OU207QE',16),
    ('HT894VW',78),
    ('ZS093WB',86),
    ('QX966YO',53),
    ('FR694TP',20),
    ('YJ115FK',86),
    ('WG048UJ',43),
    ('DR737HG',17),
    ('DS220IM',53),
    ('SY686VQ',61),
    ('EV487DM',36),
    ('KE604RN',96),
    ('UK370IP',14),
    ('ZU619ID',58),
    ('HE297JZ',100),
    ('WL015PY',21),
    ('ZO533AD',10),
    ('NT827YC',79),
    ('MY513DA',2),
    ('DK358ER',2),
    ('SE895QD',88),
    ('SP831NK',35),
    ('WV531XU',32),
    ('MC286YW',56),
    ('BO925HX',56),
    ('MI057CB',3),
    ('CO697YR',31),
    ('WB104PC',20),
    ('RY300VE',21),
    ('IR197BJ',45),
    ('MQ370BZ',46),
    ('BU637DI',24),
    ('XZ227MF',67),
    ('GG405HR',94),
    ('TD386MR',74),
    ('ND851JF',87),
    ('HN732FG',49),
    ('AL645VY',51),
    ('BK099BH',88),
    ('TV445OH',58),
    ('NN156JP',51),
    ('WB572AG',26),
    ('ZT744FK',12),
    ('IU149IQ',27),
    ('BW670TY',44),
    ('NE036HD',93),
    ('SP895FQ',84),
    ('PW962YZ',28),
    ('OU545JS',95),
    ('OH789MA',100),
    ('DG571JP',94),
    ('KL007OR',83),
    ('LL969GL',31),
    ('YA969ZW',20),
    ('KW107LP',13),
    ('LC221ZN',38),
    ('NO410VF',29),
    ('SL298IZ',21),
    ('PS383VU',60),
    ('DZ932RD',3),
    ('ZN752CC',20),
    ('HC160KP',45),
    ('VT437KW',1),
    ('KO325VF',42),
    ('UK287LK',88),
    ('NW405PR',21),
    ('LI393AX',34),
    ('XY553UY',84),
    ('XY943IX',80),
    ('BP416OT',50),
    ('PR837GX',62),
    ('LX474XH',100),
    ('TE083AZ',83),
    ('EZ180XS',100),
    ('AU213AY',8),
    ('US694YW',70),
    ('GK776VR',37),
    ('HK259II',91),
    ('NR958AE',13),
    ('PN637FB',85),
    ('SN952JO',46),
    ('WA083AC',58),
    ('DJ927AH',25),
    ('BJ824QI',74),
    ('JG766SV',91),
    ('TF897GE',9),
    ('JG718ZR',8),
    ('RH091FR',11),
    ('GQ986DF',2),
    ('XG471NK',92),
    ('BK665RS',72),
    ('WT081CC',32),
    ('HV041DV',18),
    ('CT088KQ',53),
    ('AL549CZ',21),
    ('QF128UE',39),
    ('LE653AS',24),
    ('JN691GS',11),
    ('KF359ZQ',42),
    ('BC858IG',74),
    ('EH451OC',86),
    ('WN786JK',43),
    ('UK542WU',46),
    ('MQ118DU',53),
    ('HH079GA',14),
    ('AC658JX',85),
    ('MN297GW',79),
    ('QM798GX',97),
    ('VZ092IV',52),
    ('PW519IL',11),
    ('BO874KN',68),
    ('RA286SA',12),
    ('BW410BA',36),
    ('FM062NW',7),
    ('XG158XA',71),
    ('NT794JT',12),
    ('EZ730AW',73),
    ('RU731DX',3),
    ('VH658BE',10),
    ('QF813TZ',73),
    ('XW624RW',56),
    ('TP121RX',12),
    ('MY986UO',7),
    ('LI529ZS',18),
    ('MF100HO',79),
    ('KZ306NG',98),
    ('CP314ZN',29),
    ('YN517SF',87),
    ('MZ023MJ',95),
    ('HE460EN',76),
    ('BS851KU',30),
    ('SU795XH',89),
    ('PT206AR',78),
    ('KR779YY',71),
    ('TO837PC',36),
    ('TP241GR',77),
    ('DZ427XS',18),
    ('OZ845MQ',12),
    ('OU655FI',41),
    ('AJ824IW',81);

INSERT INTO PORTAFOGLIO VALUES
    ('sosgardby0@twitter.com',5108751199807643),
    ('mgalier1@nasa.gov',5048375015603565),
    ('mklimkiewich2@europa.eu',5100171195570947),
    ('thyder3@washington.edu',5007662814429469),
    ('ceicke4@salon.com',5100174766885942),
    ('emunsey5@techcrunch.com',5048371858072844),
    ('tbende6@amazon.co.uk',5203182166035618),
    ('adelboux7@technorati.com',5100173452485850),
    ('ptaks8@g.co',5010122719279662),
    ('mwhal9@arstechnica.com',5100143889468803),
    ('fhowlera@hc360.com',5108757612517370),
    ('rhayleyb@friendfeed.com',5111969346670269),
    ('idealc@blinklist.com',5048375077376829),
    ('bhillettd@smugmug.com',5048375347129511),
    ('wbedelle@t.co',5010120102371898),
    ('ekoenenf@va.gov',5108759894058958),
    ('tbroadwayg@g.co',5261051337560177),
    ('eabrahmovicih@google.co.uk',5542033713297534),
    ('promainti@scientificamerican.com',5100145669501596),
    ('askeletonj@chicagotribune.com',5048375083635069),
    ('fswinburnek@amazon.de',5349365464023866),
    ('sgristl@fema.gov',5100148598638935),
    ('rcarolinem@alexa.com',5391389342611798),
    ('nheinecken@indiegogo.com',5100170334762431),
    ('ajirucao@biglobe.ne.jp',5048376787870432),
    ('tgooldenp@un.org',5100148116665022),
    ('ggamettq@t.co',5002355384623729),
    ('asnarttr@xing.com',5010123568107517),
    ('gpauels@hhs.gov',5007662500681332),
    ('ftwinbornet@stanford.edu',5179627094914904),
    ('mgravetu@smh.com.au',5354488798205165),
    ('obosdetv@blogs.com',5010125478128962),
    ('rmacroww@qq.com',5258507222909329),
    ('emackenziex@cocolog-nifty.com',5447573412573244),
    ('grohmery@indiatimes.com',5412435952464989),
    ('cchilcottez@tamu.edu',5100143335290009),
    ('jnorthin10@youku.com',5002359854471874),
    ('mcutbush11@reuters.com',5048372423468509),
    ('cjouhandeau12@google.co.uk',5280172899814591),
    ('vhaffard13@wordpress.com',5048370682222005),
    ('fnye14@pen.io',5010126507325140),
    ('djedrzejkiewicz15@nydailynews.com',5304589787281074),
    ('cholborn16@ucsd.edu',5574944916731924),
    ('sstalf17@xing.com',5500920030920220),
    ('egilvear18@naver.com',5253604700192646),
    ('nvinecombe19@newyorker.com',5100176105318576),
    ('jmallall1a@gov.uk',5100176356406476),
    ('kfleote1b@hp.com',5007667048786253),
    ('gseeviour1c@gnu.org',5417418769601196),
    ('tplewes1d@mail.ru',5244515629312440),
    ('rloft1e@oracle.com',5007660261603230),
    ('whiggoe1f@tamu.edu',5007667085723342),
    ('rmurrhaupt1g@homestead.com',5048374883091656),
    ('eoconnor1h@independent.co.uk',5508319359227683),
    ('rvaadeland1i@hexun.com',5371783180599681),
    ('nfibbitts1j@github.io',5108756701746361),
    ('iannott1k@netvibes.com',5418985106912725),
    ('owoolard1l@sciencedaily.com',5048374126183492),
    ('gmcmackin1m@bluehost.com',5372323412136611),
    ('swalkley1n@wikimedia.org',5100173172293733),
    ('sboyall1o@google.ru',5100171500633216),
    ('gastill1p@goodreads.com',5100139942806492),
    ('rgribben1q@whitehouse.gov',5048376664295844),
    ('cmattinson1r@weather.com',5010120956243409),
    ('emeese1s@blogtalkradio.com',5002356300131631),
    ('tivey1t@spiegel.de',5327180327226309),
    ('htheseira1u@ovh.net',5002350064945716),
    ('idyson1v@reverbnation.com',5007664983738621),
    ('aashingden1w@facebook.com',5373855181267175),
    ('rkalinke1x@berkeley.edu',5100140935611253),
    ('ylearoid1y@jigsy.com',5488616037889071),
    ('wladel1z@networkadvertising.org',5010125575830429),
    ('gbigg20@biblegateway.com',5423492106724443),
    ('jsemple21@nymag.com',5217598900713513),
    ('bhicks22@sourceforge.net',5259990785156869),
    ('dshilleto23@ca.gov',5007663704387585),
    ('mbragginton24@si.edu',5002354511419036),
    ('phendrikse25@shutterfly.com',5002354236265755),
    ('lglasby26@studiopress.com',5002354429337999),
    ('jvause27@harvard.edu',5007665013788528),
    ('cboagey28@friendfeed.com',5312408911769971),
    ('bolekhov29@wordpress.org',5100132466751590),
    ('smarrable2a@narod.ru',5301264004200819),
    ('mcasswell2b@hugedomains.com',5010121431715672),
    ('groggers2c@discuz.net',5048379209918250),
    ('cedlyne2d@go.com',5437732962590899),
    ('cfeige2e@chronoengine.com',5326912572543405),
    ('wtyre2f@opensource.org',5002354370264697),
    ('cnind2g@com.com',5002356807009082),
    ('wtofful2h@webmd.com',5010126460382377),
    ('gmckeefry2i@youtu.be',5565881464085959),
    ('kduffett2j@usa.gov',5100176208681391),
    ('ceveling2k@tripod.com',5002353846138451),
    ('gjobson2l@t-online.de',5581584449387959),
    ('thunday2m@boston.com',5100140052609189),
    ('kscaife2n@netscape.com',5010121235220853),
    ('jmaccourt2o@accuweather.com',5100178892926017),
    ('fgioan2p@wsj.com',5108750009717687),
    ('ugregersen2q@dropbox.com',5007669879743957),
    ('bmilsted2r@comcast.net',5108751484856818),
    ('amantz2s@linkedin.com',5421988384484768),
    ('troad2t@discovery.com',5305039371611657),
    ('rmorrowe2u@huffingtonpost.com',5299101646620372),
    ('uharlett2v@kickstarter.com',5320262381348836),
    ('kdarnbrook2w@disqus.com',5108758481514621),
    ('ryurchenko2x@sciencedaily.com',5458930572907388),
    ('agrasha2y@vistaprint.com',5100139626504561),
    ('hpovah2z@gizmodo.com',5583297691920439),
    ('garney30@usa.gov',5571991997537020),
    ('rwagstaff31@nyu.edu',5048375639746568),
    ('mwaren32@51.la',5351843489724564),
    ('tlethbury33@soup.io',5100134859024189),
    ('dpollins34@barnesandnoble.com',5373462405315789),
    ('groyson35@ucla.edu',5010120810105174),
    ('olindores36@bizjournals.com',5100148253440478),
    ('tgosby37@guardian.co.uk',5100137956693707),
    ('mwalmsley38@mozilla.org',5507871340954321),
    ('msidry39@omniture.com',5100130509032424),
    ('lspeariett3a@sitemeter.com',5256400013173291),
    ('ljakubovits3b@tmall.com',5265035437784460),
    ('vbrankley3c@chron.com',5128504712050209),
    ('mdegiovanni3d@live.com',5561605187677030),
    ('wkidd3e@github.com',5151630596766923),
    ('dcaltun3f@indiegogo.com',5002354669517748),
    ('cmullany3g@weibo.com',5100144337542314),
    ('oskyrm3h@indiegogo.com',5503844855134500),
    ('lemney3i@timesonline.co.uk',5100139455746119),
    ('ymerrilees3j@networkadvertising.org',5100135360239349),
    ('dwaple3k@prlog.org',5493667579932475),
    ('faldington3l@webeden.co.uk',5200460204811189),
    ('bmacaleese3m@cisco.com',5100139745616544),
    ('bsurgen3n@mayoclinic.com',5388760895506988),
    ('nsteinham3o@opera.com',5476422048700017),
    ('gelmore3p@merriam-webster.com',5357089205050470),
    ('ecalderbank3q@booking.com',5100147231237535),
    ('dcurrao3r@theatlantic.com',5002354226490751),
    ('stolley3s@mtv.com',5100176056940600),
    ('amoogan3t@yandex.ru',5100149833113452),
    ('edalston3u@vk.com',5100143645077906),
    ('bstare3v@skype.com',5010124612387626),
    ('gshoebotham3w@cbslocal.com',5458918427373583),
    ('mrobelin3x@blog.com',5322612397215817),
    ('ewoolaston3y@walmart.com',5002357060758878),
    ('vsearl3z@cornell.edu',5010120433767038),
    ('kpoley40@goo.ne.jp',5010123188958109),
    ('eroughley41@sfgate.com',5108752736410651),
    ('adevillier42@addthis.com',5007662605230597),
    ('rcaulcott43@prnewswire.com',5002355735964285),
    ('lfilyushkin44@wordpress.org',5108752386336610),
    ('fcursey45@symantec.com',5100140336977667),
    ('aluesley46@fc2.com',5444008293722688),
    ('cpietruszka47@dell.com',5254049515607108),
    ('hroyston48@amazon.co.uk',5100134379418606),
    ('erubinivitz49@dmoz.org',5108751067889327),
    ('qheathcott4a@quantcast.com',5279860723560868),
    ('ghenrion4b@drupal.org',5421922318314726),
    ('ckettle4c@blog.com',5048377938833626),
    ('bneagle4d@cdc.gov',5430729131373832),
    ('eferrone4e@rediff.com',5239582310306047),
    ('ptynan4f@myspace.com',5357933804135036),
    ('ugautrey4g@prweb.com',5048371697221172),
    ('tplinck4h@cyberchimps.com',5416641574121404),
    ('avasyutochkin4i@virginia.edu',5224197011148262),
    ('iwhartonby4j@simplemachines.org',5100173484696433),
    ('nstennes4k@yellowbook.com',5048376500335374),
    ('kabthorpe4l@shutterfly.com',5002359998715624),
    ('ydaintith4m@pinterest.com',5100138323820569),
    ('hrottgers4n@sciencedirect.com',5526304307591701),
    ('ccabane4o@prlog.org',5396295224505393),
    ('bdreini4p@yellowpages.com',5010124969339493),
    ('mulyat4q@taobao.com',5100132961703351),
    ('gsparshatt4r@senate.gov',5551772056003086),
    ('mmoretto4s@ucoz.com',5344799588868530),
    ('rcremin4t@lulu.com',5048372283051171),
    ('danslow4u@nydailynews.com',5543111053490924),
    ('gtonner4v@scientificamerican.com',5100175968832681),
    ('lwelburn4w@ihg.com',5363747563629993),
    ('jcoltherd4x@fc2.com',5100146795524155),
    ('mskuce4y@gnu.org',5007666220932909),
    ('iocrigan4z@comsenz.com',5580866823158465),
    ('bbarnewall50@geocities.com',5100178040786362),
    ('emacbane51@cnn.com',5579187446640620),
    ('nbrownfield52@com.com',5100132905194485),
    ('croots53@cocolog-nifty.com',5007660665443944),
    ('mbunner54@163.com',5100133896863872),
    ('orannald55@163.com',5010120874795415),
    ('scollingridge56@blog.com',5100147808594557),
    ('pdelacey57@t-online.de',5002358066865022),
    ('aballard58@tinypic.com',5413858388199482),
    ('lweafer59@meetup.com',5100130541142298),
    ('pfincke5a@com.com',5100142218742532),
    ('mschruyers5b@msu.edu',5100130094532689),
    ('oalbisser5c@bloomberg.com',5100130103537091),
    ('nbartoszinski5d@bandcamp.com',5002351768428272),
    ('aseniour5e@sitemeter.com',5100147427836868),
    ('amontfort5f@bloomberg.com',5385865959139981),
    ('asygrove5g@pinterest.com',5108753331058119),
    ('lgwilt5h@weibo.com',5473532557518015),
    ('fcheine5i@facebook.com',5100176756748667),
    ('vduhig5j@theglobeandmail.com',5211036210479323);

INSERT INTO NOLEGGIO VALUES
    (1,'orannald55@163.com','BJ824QI',58,'2022-06-26 00:00:00','12:20',9,'2022-08-07 00:00:00','19:10','WOWTUTTO'),
    (2,'rkalinke1x@berkeley.edu','WV531XU',21,'2022-06-24 00:00:00','21:05',33,'2022-09-18 00:00:00','18:29','Promozione2022'),
    (3,'jnorthin10@youku.com','HN933HD',6,'2022-06-16 00:00:00','10:19',73,'2022-06-29 00:00:00','10:34',NULL),
    (4,'thunday2m@boston.com','XZ227MF',53,'2022-06-20 00:00:00','19:20',88,'2022-09-21 00:00:00','18:52',NULL),
    (5,'rhayleyb@friendfeed.com','HK259II',18,'2022-06-11 00:00:00','20:04',3,'2022-09-19 00:00:00','8:25',NULL),
    (6,'rloft1e@oracle.com','WN697QW',83,'2022-06-07 00:00:00','16:08',80,'2022-07-27 00:00:00','11:38',NULL),
    (7,'ptynan4f@myspace.com','PW519IL',9,'2022-06-10 00:00:00','15:27',88,'2022-09-20 00:00:00','8:34','Promozione2022'),
    (8,'ghenrion4b@drupal.org','BW410BA',93,'2022-06-25 00:00:00','10:33',65,'2022-08-15 00:00:00','8:08','WOWTUTTO'),
    (9,'hrottgers4n@sciencedirect.com','BO874KN',56,'2022-06-03 00:00:00','16:17',34,'2022-08-15 00:00:00','14:55',NULL),
    (10,'wladel1z@networkadvertising.org','MC286YW',51,'2022-06-18 00:00:00','16:06',80,'2022-07-30 00:00:00','9:54',NULL),
    (11,'mwaren32@51.la','WG048UJ',19,'2022-06-16 00:00:00','12:29',29,'2022-09-04 00:00:00','22:57','Promozione2022'),
    (12,'bmacaleese3m@cisco.com','NE036HD',87,'2022-05-31 00:00:00','14:24',84,'2022-09-08 00:00:00','18:59','NEWENTRY'),
    (13,'mwalmsley38@mozilla.org','WT081CC',81,'2022-06-12 00:00:00','20:55',47,'2022-09-21 00:00:00','14:13',NULL),
    (14,'gtonner4v@scientificamerican.com','KO325VF',88,'2022-06-15 00:00:00','9:35',18,'2022-08-04 00:00:00','12:38',NULL),
    (15,'bdreini4p@yellowpages.com','XE121BC',1,'2022-06-04 00:00:00','14:09',83,'2022-07-12 00:00:00','16:06','NEWENTRY'),
    (16,'iannott1k@netvibes.com','DZ427XS',71,'2022-06-24 00:00:00','16:43',85,'2022-08-06 00:00:00','12:37','WOWTUTTO'),
    (17,'cmattinson1r@weather.com','XY943IX',48,'2022-06-21 00:00:00','22:23',27,'2022-08-07 00:00:00','21:11','NEWENTRY'),
    (18,'smarrable2a@narod.ru','OU545JS',29,'2022-06-21 00:00:00','18:47',62,'2022-09-08 00:00:00','20:39','NEWENTRY'),
    (19,'bsurgen3n@mayoclinic.com','LX474XH',100,'2022-06-11 00:00:00','19:42',88,'2022-09-07 00:00:00','16:10',NULL),
    (20,'mgravetu@smh.com.au','OU545JS',48,'2022-06-24 00:00:00','14:29',90,'2022-08-01 00:00:00','8:37','WOWTUTTO'),
    (21,'fswinburnek@amazon.de','XI848NA',32,'2022-06-11 00:00:00','14:15',100,'2022-07-04 00:00:00','12:57',NULL),
    (22,'groyson35@ucla.edu','KF359ZQ',25,'2022-06-16 00:00:00','8:36',8,'2022-09-23 00:00:00','20:33','Promozione2022'),
    (23,'bolekhov29@wordpress.org','VW782DX',70,'2022-06-13 00:00:00','10:51',24,'2022-07-04 00:00:00','11:39',NULL),
    (24,'smarrable2a@narod.ru','CP314ZN',93,'2022-05-28 00:00:00','13:29',53,'2022-08-26 00:00:00','18:01','Promozione2022'),
    (25,'asnarttr@xing.com','XG471NK',70,'2022-06-13 00:00:00','8:39',79,'2022-08-05 00:00:00','21:19','Promozione2022'),
    (26,'iocrigan4z@comsenz.com','BK099BH',21,'2022-06-26 00:00:00','19:12',7,'2022-07-13 00:00:00','17:07','NEWENTRY'),
    (27,'ftwinbornet@stanford.edu','OU207QE',76,'2022-06-14 00:00:00','17:14',12,'2022-07-25 00:00:00','9:58','NEWENTRY'),
    (28,'mwhal9@arstechnica.com','MC286YW',17,'2022-05-30 00:00:00','10:56',70,'2022-08-29 00:00:00','10:42',NULL),
    (29,'dpollins34@barnesandnoble.com','JB793KL',6,'2022-06-06 00:00:00','15:35',68,'2022-09-10 00:00:00','8:47','Promozione2022'),
    (30,'owoolard1l@sciencedaily.com','QF813TZ',15,'2022-06-02 00:00:00','20:34',57,'2022-08-29 00:00:00','17:54','NEWENTRY'),
    (31,'dcurrao3r@theatlantic.com','JN691GS',1,'2022-06-24 00:00:00','17:11',77,'2022-09-22 00:00:00','19:15','Promozione2022'),
    (32,'bsurgen3n@mayoclinic.com','JW192ST',67,'2022-06-04 00:00:00','13:12',66,'2022-07-06 00:00:00','9:03',NULL),
    (33,'lspeariett3a@sitemeter.com','WB572AG',93,'2022-06-24 00:00:00','8:54',100,'2022-08-08 00:00:00','14:39',NULL),
    (34,'nbrownfield52@com.com','YA969ZW',48,'2022-06-18 00:00:00','12:23',70,'2022-09-25 00:00:00','8:00','Promozione2022'),
    (35,'rcarolinem@alexa.com','HE460EN',42,'2022-06-24 00:00:00','13:21',27,'2022-09-24 00:00:00','11:30',NULL),
    (36,'dpollins34@barnesandnoble.com','YA969ZW',78,'2022-05-31 00:00:00','16:40',17,'2022-09-23 00:00:00','20:37','WOWTUTTO'),
    (37,'gmcmackin1m@bluehost.com','IH050CL',91,'2022-06-12 00:00:00','8:04',8,'2022-07-23 00:00:00','19:36',NULL),
    (38,'dcaltun3f@indiegogo.com','BO874KN',32,'2022-05-27 00:00:00','19:09',26,'2022-08-29 00:00:00','19:10','NEWENTRY'),
    (39,'erubinivitz49@dmoz.org','AJ824IW',53,'2022-06-04 00:00:00','9:40',96,'2022-07-26 00:00:00','17:01','Promozione2022'),
    (40,'fgioan2p@wsj.com','RA286SA',43,'2022-06-04 00:00:00','19:59',28,'2022-07-21 00:00:00','11:19','Promozione2022'),
    (41,'ekoenenf@va.gov','ZU619ID',14,'2022-06-23 00:00:00','14:41',21,'2022-08-05 00:00:00','14:20','Promozione2022'),
    (42,'oalbisser5c@bloomberg.com','UN605WD',1,'2022-06-07 00:00:00','15:53',93,'2022-07-08 00:00:00','16:44','NEWENTRY'),
    (43,'lwelburn4w@ihg.com','WA083AC',57,'2022-06-22 00:00:00','9:09',46,'2022-08-24 00:00:00','15:48','WOWTUTTO'),
    (44,'sosgardby0@twitter.com','BW410BA',67,'2022-06-21 00:00:00','12:22',82,'2022-07-01 00:00:00','12:27','Promozione2022'),
    (45,'iocrigan4z@comsenz.com','TC750UY',15,'2022-06-07 00:00:00','10:36',41,'2022-08-21 00:00:00','14:59','WOWTUTTO'),
    (46,'emunsey5@techcrunch.com','YA969ZW',46,'2022-06-11 00:00:00','15:35',68,'2022-07-19 00:00:00','22:23','NEWENTRY'),
    (47,'iocrigan4z@comsenz.com','EZ180XS',80,'2022-06-05 00:00:00','22:24',68,'2022-09-02 00:00:00','17:43',NULL),
    (48,'aashingden1w@facebook.com','QW430OR',27,'2022-06-25 00:00:00','17:16',26,'2022-09-06 00:00:00','9:59','NEWENTRY'),
    (49,'mmoretto4s@ucoz.com','EV487DM',94,'2022-06-19 00:00:00','15:53',65,'2022-08-26 00:00:00','12:45',NULL),
    (50,'cedlyne2d@go.com','CT088KQ',79,'2022-06-16 00:00:00','9:47',22,'2022-07-14 00:00:00','13:32','NEWENTRY'),
    (51,'dcaltun3f@indiegogo.com','BW670TY',100,'2022-06-18 00:00:00','12:07',91,'2022-06-30 00:00:00','15:43',NULL),
    (52,'gseeviour1c@gnu.org','US694YW',66,'2022-06-05 00:00:00','11:43',91,'2022-07-03 00:00:00','14:41','NEWENTRY'),
    (53,'dcurrao3r@theatlantic.com','KZ306NG',26,'2022-06-23 00:00:00','21:16',62,'2022-09-21 00:00:00','15:39','NEWENTRY'),
    (54,'mrobelin3x@blog.com','BW410BA',64,'2022-06-04 00:00:00','18:21',22,'2022-07-06 00:00:00','20:46',NULL),
    (55,'sstalf17@xing.com','XH010HJ',70,'2022-06-10 00:00:00','9:44',14,'2022-08-10 00:00:00','12:51',NULL),
    (56,'eferrone4e@rediff.com','SU795XH',85,'2022-06-23 00:00:00','20:47',28,'2022-09-09 00:00:00','9:07','NEWENTRY'),
    (57,'nvinecombe19@newyorker.com','ZK413WP',60,'2022-06-17 00:00:00','17:53',95,'2022-07-25 00:00:00','19:39','WOWTUTTO'),
    (58,'cboagey28@friendfeed.com','YA969ZW',4,'2022-06-04 00:00:00','17:28',69,'2022-08-08 00:00:00','21:53',NULL),
    (59,'ptynan4f@myspace.com','TF665DI',11,'2022-06-08 00:00:00','11:48',22,'2022-06-29 00:00:00','13:24','WOWTUTTO'),
    (60,'mbunner54@163.com','UK287LK',23,'2022-06-15 00:00:00','15:42',30,'2022-07-28 00:00:00','21:20','NEWENTRY'),
    (61,'ecalderbank3q@booking.com','VA845DP',25,'2022-06-17 00:00:00','19:47',86,'2022-08-24 00:00:00','19:09','NEWENTRY'),
    (62,'ymerrilees3j@networkadvertising.org','AJ824IW',72,'2022-06-14 00:00:00','15:48',39,'2022-07-14 00:00:00','10:19','Promozione2022'),
    (63,'jsemple21@nymag.com','SY686VQ',64,'2022-06-12 00:00:00','10:44',82,'2022-08-14 00:00:00','9:03','WOWTUTTO'),
    (64,'whiggoe1f@tamu.edu','HH079GA',52,'2022-06-09 00:00:00','19:38',4,'2022-09-25 00:00:00','21:54','WOWTUTTO'),
    (65,'cmattinson1r@weather.com','LL955VO',78,'2022-06-01 00:00:00','22:09',91,'2022-07-18 00:00:00','15:50','WOWTUTTO'),
    (66,'thunday2m@boston.com','AU213AY',72,'2022-06-07 00:00:00','17:57',60,'2022-08-02 00:00:00','14:44','Promozione2022'),
    (67,'kpoley40@goo.ne.jp','AU213AY',88,'2022-06-26 00:00:00','20:16',20,'2022-09-20 00:00:00','8:17','Promozione2022'),
    (68,'nheinecken@indiegogo.com','XI848NA',18,'2022-06-05 00:00:00','19:42',97,'2022-07-09 00:00:00','15:39','NEWENTRY'),
    (69,'ecalderbank3q@booking.com','GK336PL',94,'2022-06-19 00:00:00','15:58',52,'2022-09-13 00:00:00','15:04','NEWENTRY'),
    (70,'rloft1e@oracle.com','VT437KW',17,'2022-05-29 00:00:00','9:16',77,'2022-08-05 00:00:00','21:36','NEWENTRY'),
    (71,'cholborn16@ucsd.edu','HN498RU',19,'2022-06-14 00:00:00','15:14',75,'2022-08-15 00:00:00','17:54','Promozione2022'),
    (72,'bsurgen3n@mayoclinic.com','BK099BH',63,'2022-06-06 00:00:00','9:29',39,'2022-07-28 00:00:00','18:21','Promozione2022'),
    (73,'ryurchenko2x@sciencedaily.com','MY513DA',80,'2022-06-04 00:00:00','20:31',99,'2022-08-09 00:00:00','16:05',NULL),
    (74,'sgristl@fema.gov','LX474XH',87,'2022-06-24 00:00:00','15:45',53,'2022-07-28 00:00:00','14:49',NULL),
    (75,'kdarnbrook2w@disqus.com','UV816NB',95,'2022-06-07 00:00:00','21:43',98,'2022-08-01 00:00:00','9:20',NULL),
    (76,'eferrone4e@rediff.com','AU213AY',41,'2022-06-19 00:00:00','18:56',15,'2022-08-11 00:00:00','12:50',NULL),
    (77,'cnind2g@com.com','TO837PC',22,'2022-06-24 00:00:00','22:48',71,'2022-09-06 00:00:00','10:51','NEWENTRY'),
    (78,'dwaple3k@prlog.org','SE895QD',35,'2022-06-24 00:00:00','11:29',69,'2022-08-08 00:00:00','19:47',NULL),
    (79,'mgalier1@nasa.gov','SL298IZ',99,'2022-06-10 00:00:00','14:51',52,'2022-07-24 00:00:00','22:15',NULL),
    (80,'gseeviour1c@gnu.org','XH010HJ',63,'2022-06-12 00:00:00','20:24',82,'2022-09-06 00:00:00','9:25',NULL),
    (81,'fcursey45@symantec.com','YJ115FK',32,'2022-06-10 00:00:00','19:10',58,'2022-09-15 00:00:00','16:00','WOWTUTTO'),
    (82,'amantz2s@linkedin.com','JG766SV',64,'2022-06-14 00:00:00','11:56',17,'2022-07-12 00:00:00','8:09','Promozione2022'),
    (83,'rloft1e@oracle.com','YP253SV',100,'2022-06-21 00:00:00','12:26',76,'2022-09-08 00:00:00','18:56','WOWTUTTO'),
    (84,'tplinck4h@cyberchimps.com','BJ824QI',84,'2022-06-14 00:00:00','17:55',28,'2022-08-23 00:00:00','14:04',NULL),
    (85,'bhillettd@smugmug.com','ND851JF',5,'2022-05-31 00:00:00','18:05',63,'2022-07-08 00:00:00','10:11','Promozione2022'),
    (86,'bhicks22@sourceforge.net','WL015PY',66,'2022-06-16 00:00:00','19:22',61,'2022-07-13 00:00:00','14:31','WOWTUTTO'),
    (87,'mklimkiewich2@europa.eu','NO410VF',31,'2022-06-18 00:00:00','16:19',98,'2022-07-17 00:00:00','21:43','Promozione2022'),
    (88,'bhicks22@sourceforge.net','YJ115FK',46,'2022-06-13 00:00:00','12:22',25,'2022-07-07 00:00:00','8:39','Promozione2022'),
    (89,'ecalderbank3q@booking.com','IC896EA',80,'2022-06-24 00:00:00','8:27',82,'2022-09-09 00:00:00','18:27',NULL),
    (90,'edalston3u@vk.com','KZ306NG',67,'2022-06-02 00:00:00','15:14',64,'2022-09-16 00:00:00','20:27','Promozione2022'),
    (91,'tgosby37@guardian.co.uk','YD361MU',29,'2022-06-16 00:00:00','9:57',50,'2022-09-15 00:00:00','13:30',NULL),
    (92,'owoolard1l@sciencedaily.com','DZ932RD',77,'2022-06-22 00:00:00','11:17',26,'2022-07-08 00:00:00','18:53','NEWENTRY'),
    (93,'rloft1e@oracle.com','TT590SN',75,'2022-05-31 00:00:00','14:17',66,'2022-09-03 00:00:00','21:13',NULL),
    (94,'emeese1s@blogtalkradio.com','PT206AR',92,'2022-06-22 00:00:00','22:23',36,'2022-07-17 00:00:00','9:30','WOWTUTTO'),
    (95,'ftwinbornet@stanford.edu','HN933HD',75,'2022-06-18 00:00:00','10:02',35,'2022-08-22 00:00:00','15:48','NEWENTRY'),
    (96,'amantz2s@linkedin.com','UY796NW',21,'2022-06-12 00:00:00','12:13',67,'2022-06-29 00:00:00','11:36','Promozione2022'),
    (97,'ugautrey4g@prweb.com','WG048UJ',40,'2022-06-23 00:00:00','15:45',41,'2022-08-20 00:00:00','12:37','Promozione2022'),
    (98,'emeese1s@blogtalkradio.com','FC724SO',54,'2022-06-19 00:00:00','20:37',21,'2022-07-29 00:00:00','16:36','NEWENTRY'),
    (99,'mbunner54@163.com','NE036HD',47,'2022-05-28 00:00:00','14:26',29,'2022-09-24 00:00:00','22:14','Promozione2022'),
    (100,'grohmery@indiatimes.com','HE297JZ',35,'2022-06-16 00:00:00','14:53',14,'2022-09-15 00:00:00','21:21',NULL),
    (101,'egilvear18@naver.com','SE895QD',41,'2022-06-08 00:00:00','21:52',40,'2022-09-15 00:00:00','14:51','NEWENTRY'),
    (102,'bmacaleese3m@cisco.com','WB572AG',99,'2022-05-30 00:00:00','8:12',6,'2022-08-05 00:00:00','17:58','NEWENTRY'),
    (103,'danslow4u@nydailynews.com','PT206AR',21,'2022-06-07 00:00:00','9:42',26,'2022-08-09 00:00:00','15:23',NULL),
    (104,'emackenziex@cocolog-nifty.com','YP253SV',13,'2022-06-14 00:00:00','16:21',44,'2022-07-22 00:00:00','11:44',NULL),
    (105,'ljakubovits3b@tmall.com','YJ115FK',73,'2022-06-06 00:00:00','16:31',70,'2022-07-25 00:00:00','11:27','WOWTUTTO'),
    (106,'cmullany3g@weibo.com','IU149IQ',42,'2022-06-07 00:00:00','12:58',75,'2022-08-07 00:00:00','13:57','WOWTUTTO'),
    (107,'ugautrey4g@prweb.com','WN786JK',4,'2022-05-31 00:00:00','21:18',73,'2022-08-23 00:00:00','17:58','WOWTUTTO'),
    (108,'ggamettq@t.co','QM798GX',78,'2022-06-19 00:00:00','14:00',45,'2022-08-23 00:00:00','20:51',NULL),
    (109,'mdegiovanni3d@live.com','IO616DK',32,'2022-05-27 00:00:00','8:15',79,'2022-07-10 00:00:00','20:44','NEWENTRY'),
    (110,'rmacroww@qq.com','OK796OI',86,'2022-06-21 00:00:00','20:44',60,'2022-09-18 00:00:00','19:37',NULL),
    (111,'ftwinbornet@stanford.edu','JG766SV',82,'2022-06-17 00:00:00','10:35',100,'2022-07-06 00:00:00','8:29','WOWTUTTO'),
    (112,'ghenrion4b@drupal.org','OU545JS',98,'2022-06-11 00:00:00','10:20',67,'2022-07-24 00:00:00','13:32','NEWENTRY'),
    (113,'cpietruszka47@dell.com','OH789MA',41,'2022-06-08 00:00:00','22:18',91,'2022-08-02 00:00:00','15:20','NEWENTRY'),
    (114,'eabrahmovicih@google.co.uk','US694YW',10,'2022-06-13 00:00:00','17:01',18,'2022-08-08 00:00:00','16:43','WOWTUTTO'),
    (115,'ajirucao@biglobe.ne.jp','EV487DM',56,'2022-05-29 00:00:00','12:30',8,'2022-09-15 00:00:00','13:06',NULL),
    (116,'rmacroww@qq.com','PN637FB',13,'2022-06-06 00:00:00','12:31',76,'2022-08-23 00:00:00','15:23','WOWTUTTO'),
    (117,'mulyat4q@taobao.com','DR737HG',88,'2022-06-17 00:00:00','11:02',51,'2022-09-17 00:00:00','9:15','Promozione2022'),
    (118,'amoogan3t@yandex.ru','NT827YC',28,'2022-06-08 00:00:00','17:16',78,'2022-08-12 00:00:00','20:56','WOWTUTTO'),
    (119,'asygrove5g@pinterest.com','YN517SF',45,'2022-05-31 00:00:00','16:54',43,'2022-08-12 00:00:00','13:55','WOWTUTTO'),
    (120,'ckettle4c@blog.com','TE083AZ',73,'2022-06-04 00:00:00','14:29',68,'2022-09-24 00:00:00','16:14','NEWENTRY'),
    (121,'dpollins34@barnesandnoble.com','XG471NK',35,'2022-06-08 00:00:00','15:32',8,'2022-09-09 00:00:00','9:21',NULL),
    (122,'msidry39@omniture.com','XW624RW',27,'2022-06-07 00:00:00','22:08',61,'2022-08-18 00:00:00','15:23',NULL),
    (123,'bmilsted2r@comcast.net','RB818WJ',65,'2022-06-10 00:00:00','17:05',34,'2022-07-06 00:00:00','8:31',NULL),
    (124,'ccabane4o@prlog.org','RH091FR',20,'2022-06-08 00:00:00','9:26',45,'2022-07-14 00:00:00','22:51','WOWTUTTO'),
    (125,'cmattinson1r@weather.com','GQ986DF',47,'2022-05-31 00:00:00','13:51',66,'2022-08-17 00:00:00','17:12','WOWTUTTO'),
    (126,'gastill1p@goodreads.com','RA216FG',59,'2022-06-10 00:00:00','18:06',24,'2022-07-14 00:00:00','14:44',NULL),
    (127,'rmurrhaupt1g@homestead.com','JB793KL',10,'2022-06-16 00:00:00','20:32',95,'2022-07-17 00:00:00','14:54','NEWENTRY'),
    (128,'asygrove5g@pinterest.com','OH789MA',15,'2022-06-24 00:00:00','10:57',35,'2022-08-09 00:00:00','8:50','WOWTUTTO'),
    (129,'orannald55@163.com','QM798GX',1,'2022-06-06 00:00:00','18:43',83,'2022-08-30 00:00:00','10:21',NULL),
    (130,'ftwinbornet@stanford.edu','RB818WJ',53,'2022-05-31 00:00:00','11:09',71,'2022-08-13 00:00:00','20:52','Promozione2022'),
    (131,'mklimkiewich2@europa.eu','SY686VQ',24,'2022-06-26 00:00:00','9:03',16,'2022-09-01 00:00:00','19:39','WOWTUTTO'),
    (132,'tbroadwayg@g.co','IR197BJ',82,'2022-06-05 00:00:00','11:20',11,'2022-07-13 00:00:00','14:15',NULL),
    (133,'gsparshatt4r@senate.gov','SU795XH',96,'2022-06-19 00:00:00','21:26',70,'2022-08-28 00:00:00','8:57',NULL),
    (134,'tbende6@amazon.co.uk','ZK413WP',42,'2022-06-03 00:00:00','21:10',69,'2022-09-04 00:00:00','12:47',NULL),
    (135,'ydaintith4m@pinterest.com','HK259II',82,'2022-06-03 00:00:00','10:27',5,'2022-06-30 00:00:00','9:07',NULL),
    (136,'tbende6@amazon.co.uk','HK259II',73,'2022-06-25 00:00:00','11:56',100,'2022-09-12 00:00:00','16:40',NULL),
    (137,'cfeige2e@chronoengine.com','QF128UE',11,'2022-06-14 00:00:00','20:59',16,'2022-07-14 00:00:00','13:53','NEWENTRY'),
    (138,'ugregersen2q@dropbox.com','VW782DX',94,'2022-06-04 00:00:00','14:01',63,'2022-07-16 00:00:00','8:41','NEWENTRY'),
    (139,'fnye14@pen.io','WB572AG',19,'2022-06-11 00:00:00','18:46',31,'2022-09-11 00:00:00','20:46','Promozione2022'),
    (140,'sosgardby0@twitter.com','BW670TY',17,'2022-06-15 00:00:00','22:45',56,'2022-08-24 00:00:00','20:55','NEWENTRY'),
    (141,'iwhartonby4j@simplemachines.org','ND851JF',68,'2022-06-13 00:00:00','10:59',39,'2022-07-20 00:00:00','10:49','Promozione2022'),
    (142,'mrobelin3x@blog.com','LL969GL',85,'2022-06-17 00:00:00','10:40',35,'2022-08-04 00:00:00','10:01','WOWTUTTO'),
    (143,'amantz2s@linkedin.com','KF359ZQ',60,'2022-06-09 00:00:00','21:24',57,'2022-07-11 00:00:00','11:05','Promozione2022'),
    (144,'rcarolinem@alexa.com','SP895FQ',35,'2022-06-09 00:00:00','20:12',31,'2022-08-03 00:00:00','16:25','NEWENTRY'),
    (145,'eabrahmovicih@google.co.uk','HN498RU',94,'2022-06-13 00:00:00','22:39',53,'2022-08-26 00:00:00','12:42','WOWTUTTO'),
    (146,'bhillettd@smugmug.com','PT206AR',51,'2022-05-31 00:00:00','9:17',3,'2022-07-21 00:00:00','10:03','WOWTUTTO'),
    (147,'groyson35@ucla.edu','XG471NK',32,'2022-05-31 00:00:00','13:05',98,'2022-09-14 00:00:00','10:12',NULL),
    (148,'sboyall1o@google.ru','AC658JX',72,'2022-06-25 00:00:00','18:46',80,'2022-08-19 00:00:00','15:17','Promozione2022'),
    (149,'fcheine5i@facebook.com','IQ018FK',2,'2022-06-08 00:00:00','11:24',66,'2022-08-16 00:00:00','15:24',NULL),
    (150,'jcoltherd4x@fc2.com','WT081CC',37,'2022-06-10 00:00:00','8:25',77,'2022-07-09 00:00:00','10:13','WOWTUTTO'),
    (151,'promainti@scientificamerican.com','JB793KL',81,'2022-06-20 00:00:00','10:31',59,'2022-08-07 00:00:00','11:58','WOWTUTTO'),
    (152,'nbartoszinski5d@bandcamp.com','SP831NK',40,'2022-06-20 00:00:00','18:24',29,'2022-09-20 00:00:00','9:26','Promozione2022'),
    (153,'ecalderbank3q@booking.com','DS220IM',27,'2022-06-21 00:00:00','22:04',98,'2022-08-03 00:00:00','22:10','Promozione2022'),
    (154,'emacbane51@cnn.com','BL399CW',87,'2022-06-23 00:00:00','14:59',50,'2022-07-19 00:00:00','18:37','Promozione2022'),
    (155,'hroyston48@amazon.co.uk','AU213AY',39,'2022-06-04 00:00:00','19:55',83,'2022-09-15 00:00:00','21:54',NULL),
    (156,'bbarnewall50@geocities.com','WB572AG',91,'2022-06-07 00:00:00','19:26',41,'2022-08-08 00:00:00','8:11',NULL),
    (157,'lemney3i@timesonline.co.uk','JN691GS',8,'2022-06-10 00:00:00','17:18',22,'2022-07-30 00:00:00','18:52','WOWTUTTO'),
    (158,'iwhartonby4j@simplemachines.org','XZ227MF',34,'2022-06-22 00:00:00','14:51',47,'2022-09-05 00:00:00','21:54','Promozione2022'),
    (159,'mwalmsley38@mozilla.org','MQ370BZ',43,'2022-06-11 00:00:00','22:21',28,'2022-09-13 00:00:00','20:51',NULL),
    (160,'qheathcott4a@quantcast.com','RA286SA',54,'2022-06-12 00:00:00','20:25',74,'2022-07-17 00:00:00','18:49','WOWTUTTO'),
    (161,'aashingden1w@facebook.com','LC221ZN',16,'2022-06-14 00:00:00','20:31',34,'2022-08-13 00:00:00','21:13','NEWENTRY'),
    (162,'bolekhov29@wordpress.org','AJ824IW',63,'2022-06-02 00:00:00','10:11',59,'2022-07-07 00:00:00','22:16',NULL),
    (163,'aseniour5e@sitemeter.com','WL410XH',93,'2022-06-09 00:00:00','13:31',4,'2022-06-28 00:00:00','14:46','NEWENTRY'),
    (164,'tgosby37@guardian.co.uk','RH091FR',87,'2022-06-20 00:00:00','11:08',87,'2022-08-20 00:00:00','20:26','NEWENTRY'),
    (165,'oskyrm3h@indiegogo.com','HN933HD',76,'2022-06-15 00:00:00','19:13',44,'2022-09-03 00:00:00','11:44','NEWENTRY'),
    (166,'wtyre2f@opensource.org','TO837PC',95,'2022-06-16 00:00:00','9:10',12,'2022-08-12 00:00:00','9:10','Promozione2022'),
    (167,'bmilsted2r@comcast.net','UN605WD',76,'2022-06-25 00:00:00','17:48',16,'2022-07-06 00:00:00','13:57',NULL),
    (168,'iannott1k@netvibes.com','JB793KL',6,'2022-06-18 00:00:00','10:40',55,'2022-09-18 00:00:00','10:15','Promozione2022'),
    (169,'cjouhandeau12@google.co.uk','QF813TZ',45,'2022-06-01 00:00:00','18:42',82,'2022-08-27 00:00:00','16:01','Promozione2022'),
    (170,'emeese1s@blogtalkradio.com','AL645VY',26,'2022-06-02 00:00:00','14:37',46,'2022-09-04 00:00:00','20:31','NEWENTRY'),
    (171,'nheinecken@indiegogo.com','KW107LP',11,'2022-06-02 00:00:00','21:11',11,'2022-09-04 00:00:00','18:33',NULL),
    (172,'bhillettd@smugmug.com','CR142YN',88,'2022-06-22 00:00:00','10:45',99,'2022-09-09 00:00:00','18:12',NULL),
    (173,'gseeviour1c@gnu.org','XH010HJ',32,'2022-06-04 00:00:00','10:25',62,'2022-09-11 00:00:00','13:09',NULL),
    (174,'rgribben1q@whitehouse.gov','BK665RS',29,'2022-06-03 00:00:00','8:43',89,'2022-09-13 00:00:00','10:39','WOWTUTTO'),
    (175,'jmallall1a@gov.uk','BO925HX',77,'2022-06-25 00:00:00','14:01',57,'2022-06-28 00:00:00','21:39',NULL),
    (176,'wtofful2h@webmd.com','KO325VF',48,'2022-05-27 00:00:00','13:16',57,'2022-08-15 00:00:00','11:47','Promozione2022'),
    (177,'adevillier42@addthis.com','IC896EA',74,'2022-06-19 00:00:00','22:11',74,'2022-07-06 00:00:00','12:16','NEWENTRY'),
    (178,'cfeige2e@chronoengine.com','CP314ZN',61,'2022-06-25 00:00:00','8:33',17,'2022-08-05 00:00:00','8:11',NULL),
    (179,'mgalier1@nasa.gov','TD386MR',57,'2022-06-15 00:00:00','16:29',78,'2022-07-08 00:00:00','8:42','Promozione2022'),
    (180,'croots53@cocolog-nifty.com','CR142YN',54,'2022-06-20 00:00:00','15:53',95,'2022-09-14 00:00:00','10:12','WOWTUTTO'),
    (181,'ymerrilees3j@networkadvertising.org','CT088KQ',33,'2022-06-25 00:00:00','17:37',63,'2022-09-18 00:00:00','11:13','WOWTUTTO'),
    (182,'ewoolaston3y@walmart.com','KF359ZQ',17,'2022-06-20 00:00:00','19:09',56,'2022-07-05 00:00:00','9:43',NULL),
    (183,'bstare3v@skype.com','YA969ZW',82,'2022-06-03 00:00:00','18:47',98,'2022-08-30 00:00:00','19:41','Promozione2022'),
    (184,'cedlyne2d@go.com','KW107LP',31,'2022-05-28 00:00:00','21:16',82,'2022-08-16 00:00:00','15:11','NEWENTRY'),
    (185,'wtofful2h@webmd.com','AL645VY',57,'2022-06-21 00:00:00','10:49',97,'2022-07-19 00:00:00','21:40',NULL),
    (186,'fswinburnek@amazon.de','RJ631FH',80,'2022-06-24 00:00:00','11:09',50,'2022-09-25 00:00:00','18:32','NEWENTRY'),
    (187,'aseniour5e@sitemeter.com','RA286SA',84,'2022-06-26 00:00:00','20:39',92,'2022-09-06 00:00:00','20:36','WOWTUTTO'),
    (188,'nsteinham3o@opera.com','GG405HR',27,'2022-06-14 00:00:00','9:35',60,'2022-08-12 00:00:00','13:25','WOWTUTTO'),
    (189,'bbarnewall50@geocities.com','TD386MR',2,'2022-06-19 00:00:00','17:10',34,'2022-08-06 00:00:00','16:39','WOWTUTTO'),
    (190,'cmullany3g@weibo.com','TD386MR',91,'2022-06-16 00:00:00','12:11',34,'2022-06-28 00:00:00','19:13','Promozione2022'),
    (191,'tivey1t@spiegel.de','PN637FB',17,'2022-06-05 00:00:00','8:12',78,'2022-08-20 00:00:00','17:25','Promozione2022'),
    (192,'mgalier1@nasa.gov','CP314ZN',83,'2022-06-17 00:00:00','11:08',56,'2022-07-01 00:00:00','17:05','Promozione2022'),
    (193,'ptynan4f@myspace.com','TE083AZ',51,'2022-06-16 00:00:00','16:30',26,'2022-06-30 00:00:00','17:19','Promozione2022'),
    (194,'fnye14@pen.io','SP895FQ',51,'2022-06-14 00:00:00','14:35',34,'2022-07-11 00:00:00','10:59','NEWENTRY'),
    (195,'askeletonj@chicagotribune.com','OU655FI',82,'2022-06-04 00:00:00','17:25',7,'2022-08-18 00:00:00','20:13','NEWENTRY'),
    (196,'obosdetv@blogs.com','MQ118DU',43,'2022-05-30 00:00:00','12:22',37,'2022-08-22 00:00:00','16:15',NULL),
    (197,'amoogan3t@yandex.ru','DG571JP',27,'2022-06-04 00:00:00','10:50',57,'2022-08-14 00:00:00','9:10',NULL),
    (198,'vbrankley3c@chron.com','WL015PY',39,'2022-05-27 00:00:00','15:50',13,'2022-06-30 00:00:00','16:56',NULL),
    (199,'adelboux7@technorati.com','YD361MU',86,'2022-06-20 00:00:00','15:38',86,'2022-08-14 00:00:00','20:01','Promozione2022'),
    (200,'aluesley46@fc2.com','EH451OC',72,'2022-05-29 00:00:00','8:27',28,'2022-06-28 00:00:00','12:46',NULL),
    (201,'cfeige2e@chronoengine.com','IR197BJ',65,'2022-06-04 00:00:00','19:26',28,'2022-07-16 00:00:00','11:49','Promozione2022'),
    (202,'groyson35@ucla.edu','KR779YY',66,'2022-06-09 00:00:00','11:49',72,'2022-09-02 00:00:00','17:27','NEWENTRY'),
    (203,'nbrownfield52@com.com','HE297JZ',76,'2022-06-16 00:00:00','11:49',79,'2022-09-05 00:00:00','15:02',NULL),
    (204,'rmacroww@qq.com','SP895FQ',16,'2022-06-18 00:00:00','14:44',5,'2022-07-28 00:00:00','13:45','WOWTUTTO'),
    (205,'bbarnewall50@geocities.com','TO837PC',15,'2022-06-15 00:00:00','10:44',12,'2022-09-23 00:00:00','20:25','WOWTUTTO'),
    (206,'kdarnbrook2w@disqus.com','HT894VW',29,'2022-06-03 00:00:00','17:56',52,'2022-09-01 00:00:00','18:04','Promozione2022'),
    (207,'jnorthin10@youku.com','EZ730AW',18,'2022-06-22 00:00:00','15:42',86,'2022-09-05 00:00:00','21:28',NULL),
    (208,'gsparshatt4r@senate.gov','XY553UY',60,'2022-06-13 00:00:00','22:17',33,'2022-09-17 00:00:00','15:43','NEWENTRY'),
    (209,'rhayleyb@friendfeed.com','UK370IP',47,'2022-06-02 00:00:00','20:05',19,'2022-09-11 00:00:00','20:11','WOWTUTTO'),
    (210,'ptaks8@g.co','BW410BA',65,'2022-06-03 00:00:00','12:00',95,'2022-08-13 00:00:00','17:38',NULL),
    (211,'iocrigan4z@comsenz.com','FC724SO',91,'2022-05-31 00:00:00','20:25',94,'2022-07-04 00:00:00','14:29','NEWENTRY'),
    (212,'idealc@blinklist.com','SP895FQ',5,'2022-06-06 00:00:00','15:05',3,'2022-07-12 00:00:00','14:30','WOWTUTTO'),
    (213,'mrobelin3x@blog.com','SL298IZ',73,'2022-06-26 00:00:00','20:00',81,'2022-08-01 00:00:00','20:43',NULL),
    (214,'mwaren32@51.la','DR737HG',69,'2022-06-16 00:00:00','21:19',85,'2022-07-14 00:00:00','15:17','WOWTUTTO'),
    (215,'sboyall1o@google.ru','WB104PC',53,'2022-06-06 00:00:00','8:12',68,'2022-07-09 00:00:00','17:09','NEWENTRY'),
    (216,'ceicke4@salon.com','BK665RS',100,'2022-05-29 00:00:00','16:02',62,'2022-08-11 00:00:00','20:23','Promozione2022'),
    (217,'ptynan4f@myspace.com','EZ730AW',60,'2022-06-19 00:00:00','10:19',66,'2022-07-04 00:00:00','14:55','WOWTUTTO'),
    (218,'qheathcott4a@quantcast.com','TO837PC',99,'2022-06-17 00:00:00','21:29',36,'2022-07-25 00:00:00','12:51',NULL),
    (219,'sgristl@fema.gov','OU545JS',76,'2022-06-25 00:00:00','8:14',55,'2022-07-05 00:00:00','11:51','Promozione2022'),
    (220,'tlethbury33@soup.io','RB818WJ',8,'2022-06-05 00:00:00','10:32',15,'2022-08-31 00:00:00','10:21','WOWTUTTO'),
    (221,'cholborn16@ucsd.edu','VT437KW',61,'2022-05-28 00:00:00','15:29',24,'2022-08-30 00:00:00','11:00',NULL),
    (222,'bmacaleese3m@cisco.com','XW624RW',41,'2022-06-24 00:00:00','17:30',58,'2022-07-27 00:00:00','12:02',NULL),
    (223,'aballard58@tinypic.com','HI616VZ',89,'2022-06-07 00:00:00','21:15',50,'2022-07-03 00:00:00','21:13','Promozione2022'),
    (224,'mbragginton24@si.edu','OU949ZC',85,'2022-06-13 00:00:00','18:49',95,'2022-09-03 00:00:00','21:23','WOWTUTTO'),
    (225,'gtonner4v@scientificamerican.com','OK796OI',33,'2022-06-06 00:00:00','10:14',64,'2022-08-11 00:00:00','17:15',NULL),
    (226,'dwaple3k@prlog.org','FG292AO',14,'2022-06-05 00:00:00','13:45',93,'2022-08-16 00:00:00','10:26','NEWENTRY'),
    (227,'mulyat4q@taobao.com','XH010HJ',46,'2022-06-21 00:00:00','20:25',28,'2022-09-26 00:00:00','8:46','Promozione2022'),
    (228,'bhillettd@smugmug.com','TD386MR',44,'2022-06-07 00:00:00','21:04',1,'2022-07-12 00:00:00','14:36','Promozione2022'),
    (229,'pdelacey57@t-online.de','OK796OI',27,'2022-06-09 00:00:00','18:47',95,'2022-07-02 00:00:00','18:21','NEWENTRY'),
    (230,'rloft1e@oracle.com','FR694TP',57,'2022-06-06 00:00:00','12:00',99,'2022-07-25 00:00:00','14:35','Promozione2022'),
    (231,'wladel1z@networkadvertising.org','GR722NM',9,'2022-06-21 00:00:00','21:25',96,'2022-08-27 00:00:00','13:04','NEWENTRY'),
    (232,'kduffett2j@usa.gov','EZ180XS',95,'2022-06-14 00:00:00','16:04',71,'2022-09-13 00:00:00','19:48','NEWENTRY'),
    (233,'askeletonj@chicagotribune.com','MK071VT',6,'2022-06-15 00:00:00','13:39',53,'2022-09-21 00:00:00','16:22','NEWENTRY'),
    (234,'amontfort5f@bloomberg.com','JW192ST',73,'2022-06-13 00:00:00','19:21',96,'2022-07-13 00:00:00','8:17','Promozione2022'),
    (235,'ptynan4f@myspace.com','NR958AE',14,'2022-05-31 00:00:00','17:54',74,'2022-07-26 00:00:00','13:55','NEWENTRY'),
    (236,'rmurrhaupt1g@homestead.com','BL399CW',59,'2022-06-06 00:00:00','17:02',49,'2022-09-11 00:00:00','12:43',NULL),
    (237,'lglasby26@studiopress.com','HY300LW',69,'2022-06-14 00:00:00','13:40',6,'2022-07-17 00:00:00','8:02','Promozione2022'),
    (238,'ugautrey4g@prweb.com','NW405PR',26,'2022-06-17 00:00:00','15:05',95,'2022-09-21 00:00:00','12:40','NEWENTRY'),
    (239,'ptynan4f@myspace.com','ZN105SI',91,'2022-06-16 00:00:00','14:33',1,'2022-08-08 00:00:00','11:42','Promozione2022'),
    (240,'bsurgen3n@mayoclinic.com','IU149IQ',50,'2022-06-05 00:00:00','17:41',90,'2022-08-05 00:00:00','14:18','WOWTUTTO'),
    (241,'rmurrhaupt1g@homestead.com','UN605WD',64,'2022-06-23 00:00:00','11:52',69,'2022-08-03 00:00:00','20:20',NULL),
    (242,'hrottgers4n@sciencedirect.com','FG292AO',27,'2022-05-31 00:00:00','8:25',24,'2022-09-07 00:00:00','8:15','NEWENTRY'),
    (243,'cboagey28@friendfeed.com','BJ824QI',89,'2022-06-06 00:00:00','16:24',70,'2022-07-06 00:00:00','20:35','Promozione2022'),
    (244,'aseniour5e@sitemeter.com','TP241GR',78,'2022-06-10 00:00:00','19:39',86,'2022-08-25 00:00:00','9:37','NEWENTRY'),
    (245,'eabrahmovicih@google.co.uk','BK665RS',32,'2022-06-11 00:00:00','11:57',37,'2022-08-08 00:00:00','14:30','NEWENTRY'),
    (246,'kduffett2j@usa.gov','PH595EN',63,'2022-05-29 00:00:00','13:09',79,'2022-09-22 00:00:00','11:39','NEWENTRY'),
    (247,'amontfort5f@bloomberg.com','OU949ZC',78,'2022-06-20 00:00:00','12:29',30,'2022-07-26 00:00:00','22:13','NEWENTRY'),
    (248,'vhaffard13@wordpress.com','JB793KL',36,'2022-06-05 00:00:00','20:44',28,'2022-07-21 00:00:00','19:01','NEWENTRY'),
    (249,'kfleote1b@hp.com','SE895QD',65,'2022-05-30 00:00:00','16:16',80,'2022-06-28 00:00:00','13:01','WOWTUTTO'),
    (250,'ptaks8@g.co','JW192ST',87,'2022-06-22 00:00:00','19:44',87,'2022-07-19 00:00:00','21:47',NULL);
INSERT INTO NOLEGGIO VALUES
    (251,'danslow4u@nydailynews.com','JD723ME',47,'2022-06-17 00:00:00','9:41',94,'2022-08-06 00:00:00','19:10','WOWTUTTO'),
    (252,'vhaffard13@wordpress.com','XG158XA',51,'2022-06-17 00:00:00','12:48',74,'2022-09-17 00:00:00','16:35',NULL),
    (253,'jcoltherd4x@fc2.com','UK287LK',13,'2022-06-13 00:00:00','19:59',20,'2022-07-22 00:00:00','22:51','WOWTUTTO'),
    (254,'hpovah2z@gizmodo.com','BC858IG',58,'2022-06-10 00:00:00','13:37',11,'2022-06-30 00:00:00','9:26',NULL),
    (255,'ghenrion4b@drupal.org','JG766SV',19,'2022-06-10 00:00:00','11:16',31,'2022-08-05 00:00:00','16:03','Promozione2022'),
    (256,'kdarnbrook2w@disqus.com','JB793KL',73,'2022-06-05 00:00:00','10:56',28,'2022-08-14 00:00:00','8:54','NEWENTRY'),
    (257,'sosgardby0@twitter.com','XI848NA',45,'2022-06-08 00:00:00','10:58',64,'2022-09-23 00:00:00','12:43','WOWTUTTO'),
    (258,'ewoolaston3y@walmart.com','GQ986DF',69,'2022-05-28 00:00:00','9:25',27,'2022-08-05 00:00:00','10:04','NEWENTRY'),
    (259,'garney30@usa.gov','BO925HX',24,'2022-05-30 00:00:00','22:31',22,'2022-09-05 00:00:00','8:59','WOWTUTTO'),
    (260,'lfilyushkin44@wordpress.org','PW962YZ',66,'2022-06-10 00:00:00','13:21',70,'2022-07-11 00:00:00','11:07','NEWENTRY'),
    (261,'mcasswell2b@hugedomains.com','PR837GX',60,'2022-06-16 00:00:00','21:01',56,'2022-07-18 00:00:00','8:38',NULL),
    (262,'smarrable2a@narod.ru','HE460EN',23,'2022-06-03 00:00:00','14:33',41,'2022-08-21 00:00:00','16:49','WOWTUTTO'),
    (263,'mulyat4q@taobao.com','GK776VR',66,'2022-06-18 00:00:00','11:12',21,'2022-07-10 00:00:00','21:14',NULL),
    (264,'dcurrao3r@theatlantic.com','RU731DX',73,'2022-06-02 00:00:00','22:42',82,'2022-07-17 00:00:00','10:21','Promozione2022'),
    (265,'jnorthin10@youku.com','VH658BE',60,'2022-06-09 00:00:00','8:22',48,'2022-07-13 00:00:00','16:28','NEWENTRY'),
    (266,'cmullany3g@weibo.com','KF359ZQ',79,'2022-05-31 00:00:00','12:03',56,'2022-07-10 00:00:00','12:02',NULL),
    (267,'dcurrao3r@theatlantic.com','QX966YO',34,'2022-05-30 00:00:00','18:00',55,'2022-08-06 00:00:00','22:52','Promozione2022'),
    (268,'ydaintith4m@pinterest.com','XW624RW',58,'2022-06-19 00:00:00','14:40',50,'2022-07-27 00:00:00','10:39','Promozione2022'),
    (269,'kabthorpe4l@shutterfly.com','HI616VZ',32,'2022-05-31 00:00:00','8:53',7,'2022-07-01 00:00:00','22:13','NEWENTRY'),
    (270,'bmilsted2r@comcast.net','HN498RU',38,'2022-06-24 00:00:00','16:15',94,'2022-09-26 00:00:00','21:56','NEWENTRY'),
    (271,'ljakubovits3b@tmall.com','HT894VW',47,'2022-05-27 00:00:00','13:49',90,'2022-09-04 00:00:00','8:19',NULL),
    (272,'nsteinham3o@opera.com','XY943IX',71,'2022-06-17 00:00:00','11:55',53,'2022-08-13 00:00:00','8:34','NEWENTRY'),
    (273,'gseeviour1c@gnu.org','SE895QD',27,'2022-06-04 00:00:00','22:58',35,'2022-07-29 00:00:00','8:56',NULL),
    (274,'adelboux7@technorati.com','KW107LP',39,'2022-06-05 00:00:00','11:27',12,'2022-08-18 00:00:00','12:05',NULL),
    (275,'ghenrion4b@drupal.org','TD386MR',17,'2022-06-17 00:00:00','11:28',2,'2022-07-26 00:00:00','22:09',NULL),
    (276,'ydaintith4m@pinterest.com','YN517SF',8,'2022-06-21 00:00:00','22:07',22,'2022-07-18 00:00:00','13:08','WOWTUTTO'),
    (277,'askeletonj@chicagotribune.com','MY986UO',46,'2022-06-17 00:00:00','11:02',54,'2022-09-22 00:00:00','13:25','Promozione2022'),
    (278,'agrasha2y@vistaprint.com','QN064HQ',65,'2022-05-29 00:00:00','21:44',47,'2022-07-12 00:00:00','18:25',NULL),
    (279,'nsteinham3o@opera.com','MN297GW',78,'2022-05-28 00:00:00','8:44',67,'2022-09-15 00:00:00','17:06','WOWTUTTO'),
    (280,'sosgardby0@twitter.com','OH789MA',7,'2022-06-10 00:00:00','19:59',91,'2022-09-26 00:00:00','16:17','WOWTUTTO'),
    (281,'lweafer59@meetup.com','KO325VF',15,'2022-06-03 00:00:00','9:37',92,'2022-08-08 00:00:00','14:49',NULL),
    (282,'mskuce4y@gnu.org','PW962YZ',67,'2022-06-09 00:00:00','9:08',50,'2022-07-29 00:00:00','14:55','NEWENTRY'),
    (283,'ljakubovits3b@tmall.com','HN933HD',24,'2022-06-09 00:00:00','12:25',82,'2022-08-28 00:00:00','20:29',NULL),
    (284,'bsurgen3n@mayoclinic.com','QX966YO',88,'2022-05-30 00:00:00','10:00',29,'2022-07-12 00:00:00','9:36',NULL),
    (285,'ugautrey4g@prweb.com','ZT744FK',4,'2022-05-30 00:00:00','16:54',42,'2022-09-17 00:00:00','12:57',NULL),
    (286,'rmorrowe2u@huffingtonpost.com','HN498RU',19,'2022-06-05 00:00:00','15:12',39,'2022-07-22 00:00:00','10:52','Promozione2022'),
    (287,'gsparshatt4r@senate.gov','DS220IM',78,'2022-06-19 00:00:00','16:58',3,'2022-08-10 00:00:00','17:47',NULL),
    (288,'emeese1s@blogtalkradio.com','LE653AS',85,'2022-06-11 00:00:00','15:11',96,'2022-07-10 00:00:00','20:04',NULL),
    (289,'bneagle4d@cdc.gov','BK099BH',15,'2022-05-30 00:00:00','17:03',60,'2022-08-08 00:00:00','11:29','WOWTUTTO'),
    (290,'emeese1s@blogtalkradio.com','AL549CZ',62,'2022-05-30 00:00:00','15:18',20,'2022-09-07 00:00:00','18:25',NULL),
    (291,'vhaffard13@wordpress.com','WG048UJ',99,'2022-05-29 00:00:00','15:07',6,'2022-07-31 00:00:00','13:16',NULL),
    (292,'gjobson2l@t-online.de','TO837PC',80,'2022-05-27 00:00:00','22:12',8,'2022-08-01 00:00:00','20:45','Promozione2022'),
    (293,'bsurgen3n@mayoclinic.com','BP416OT',80,'2022-06-12 00:00:00','11:49',11,'2022-07-25 00:00:00','16:45','Promozione2022'),
    (294,'mulyat4q@taobao.com','SP831NK',51,'2022-05-28 00:00:00','10:50',45,'2022-06-28 00:00:00','8:46','NEWENTRY'),
    (295,'garney30@usa.gov','TO837PC',32,'2022-06-10 00:00:00','18:42',51,'2022-07-31 00:00:00','8:28','Promozione2022'),
    (296,'aseniour5e@sitemeter.com','XE121BC',2,'2022-06-07 00:00:00','15:43',44,'2022-08-09 00:00:00','19:27',NULL),
    (297,'emeese1s@blogtalkradio.com','OK796OI',45,'2022-05-29 00:00:00','15:16',92,'2022-07-25 00:00:00','21:20','NEWENTRY'),
    (298,'mcutbush11@reuters.com','NO410VF',49,'2022-06-20 00:00:00','19:01',12,'2022-09-26 00:00:00','16:26','Promozione2022'),
    (299,'faldington3l@webeden.co.uk','TP241GR',61,'2022-06-19 00:00:00','8:19',95,'2022-07-08 00:00:00','10:25','WOWTUTTO'),
    (300,'bolekhov29@wordpress.org','LI529ZS',25,'2022-06-10 00:00:00','16:53',64,'2022-09-19 00:00:00','15:24','NEWENTRY'),
    (301,'edalston3u@vk.com','SL298IZ',22,'2022-06-07 00:00:00','22:51',93,'2022-06-30 00:00:00','21:49','WOWTUTTO'),
    (302,'mbragginton24@si.edu','RY300VE',18,'2022-06-14 00:00:00','14:41',42,'2022-07-20 00:00:00','13:40','WOWTUTTO'),
    (303,'gshoebotham3w@cbslocal.com','DZ932RD',39,'2022-05-28 00:00:00','8:51',12,'2022-07-28 00:00:00','8:40','NEWENTRY'),
    (304,'bhillettd@smugmug.com','HC160KP',29,'2022-05-31 00:00:00','18:15',88,'2022-08-08 00:00:00','10:12',NULL),
    (305,'wkidd3e@github.com','JG766SV',44,'2022-06-19 00:00:00','9:44',52,'2022-07-06 00:00:00','8:38',NULL),
    (306,'rhayleyb@friendfeed.com','RA286SA',15,'2022-06-24 00:00:00','19:53',58,'2022-09-13 00:00:00','17:45','Promozione2022'),
    (307,'cfeige2e@chronoengine.com','LE653AS',68,'2022-06-05 00:00:00','12:03',43,'2022-07-03 00:00:00','19:57','Promozione2022'),
    (308,'smarrable2a@narod.ru','SP831NK',38,'2022-06-14 00:00:00','8:40',32,'2022-08-26 00:00:00','12:29','WOWTUTTO'),
    (309,'whiggoe1f@tamu.edu','WN697QW',37,'2022-06-12 00:00:00','16:48',77,'2022-09-12 00:00:00','11:07','NEWENTRY'),
    (310,'mwalmsley38@mozilla.org','DR737HG',83,'2022-06-23 00:00:00','14:00',74,'2022-08-20 00:00:00','19:55','WOWTUTTO'),
    (311,'ftwinbornet@stanford.edu','QN064HQ',41,'2022-06-18 00:00:00','15:04',32,'2022-09-25 00:00:00','16:16','Promozione2022'),
    (312,'bdreini4p@yellowpages.com','KE604RN',47,'2022-06-21 00:00:00','16:42',83,'2022-07-14 00:00:00','9:45','Promozione2022'),
    (313,'pdelacey57@t-online.de','UY796NW',49,'2022-06-22 00:00:00','8:34',6,'2022-06-28 00:00:00','9:37',NULL),
    (314,'ewoolaston3y@walmart.com','PW519IL',3,'2022-06-26 00:00:00','21:20',79,'2022-09-17 00:00:00','14:21','WOWTUTTO'),
    (315,'troad2t@discovery.com','HK259II',65,'2022-06-23 00:00:00','17:23',99,'2022-08-18 00:00:00','11:17','NEWENTRY'),
    (316,'owoolard1l@sciencedaily.com','DK358ER',64,'2022-06-04 00:00:00','11:58',11,'2022-08-12 00:00:00','13:48','WOWTUTTO'),
    (317,'rcarolinem@alexa.com','QM798GX',15,'2022-06-11 00:00:00','13:46',56,'2022-07-10 00:00:00','19:40','WOWTUTTO'),
    (318,'ydaintith4m@pinterest.com','BO874KN',62,'2022-06-15 00:00:00','20:35',54,'2022-08-23 00:00:00','20:09','NEWENTRY'),
    (319,'idyson1v@reverbnation.com','ZS093WB',48,'2022-06-19 00:00:00','20:36',58,'2022-09-20 00:00:00','9:37',NULL),
    (320,'fhowlera@hc360.com','JB793KL',12,'2022-06-02 00:00:00','18:08',91,'2022-08-26 00:00:00','15:46','NEWENTRY'),
    (321,'fnye14@pen.io','AL645VY',52,'2022-06-24 00:00:00','15:04',90,'2022-08-25 00:00:00','14:01','WOWTUTTO'),
    (322,'edalston3u@vk.com','WA083AC',57,'2022-06-14 00:00:00','8:07',99,'2022-09-16 00:00:00','21:25','Promozione2022'),
    (323,'edalston3u@vk.com','JW192ST',58,'2022-05-29 00:00:00','21:10',45,'2022-08-21 00:00:00','20:52','Promozione2022'),
    (324,'bstare3v@skype.com','JW192ST',6,'2022-06-26 00:00:00','22:15',95,'2022-08-14 00:00:00','16:14','Promozione2022'),
    (325,'ecalderbank3q@booking.com','UN605WD',1,'2022-06-19 00:00:00','12:00',24,'2022-07-16 00:00:00','21:51',NULL),
    (326,'rwagstaff31@nyu.edu','KW107LP',73,'2022-06-16 00:00:00','10:13',96,'2022-07-19 00:00:00','18:54','Promozione2022'),
    (327,'mgalier1@nasa.gov','SE895QD',58,'2022-06-17 00:00:00','13:28',13,'2022-07-30 00:00:00','13:22','Promozione2022'),
    (328,'tplewes1d@mail.ru','BP416OT',92,'2022-06-14 00:00:00','19:11',22,'2022-07-19 00:00:00','20:15','Promozione2022'),
    (329,'mgravetu@smh.com.au','RA286SA',2,'2022-05-29 00:00:00','8:48',43,'2022-07-08 00:00:00','17:54','NEWENTRY'),
    (330,'sgristl@fema.gov','KW107LP',72,'2022-06-05 00:00:00','11:44',53,'2022-07-08 00:00:00','14:11','Promozione2022'),
    (331,'wladel1z@networkadvertising.org','MN297GW',89,'2022-06-22 00:00:00','13:12',94,'2022-08-17 00:00:00','8:39','Promozione2022'),
    (332,'mbragginton24@si.edu','GC470GV',31,'2022-06-02 00:00:00','15:04',59,'2022-08-04 00:00:00','9:59','WOWTUTTO'),
    (333,'cmullany3g@weibo.com','EV487DM',100,'2022-06-01 00:00:00','18:00',13,'2022-09-10 00:00:00','12:15','NEWENTRY'),
    (334,'ccabane4o@prlog.org','FR694TP',100,'2022-06-24 00:00:00','16:35',37,'2022-09-09 00:00:00','16:47',NULL),
    (335,'cedlyne2d@go.com','WT081CC',49,'2022-05-28 00:00:00','19:50',87,'2022-09-23 00:00:00','14:42',NULL),
    (336,'ugregersen2q@dropbox.com','NW405PR',29,'2022-05-30 00:00:00','9:00',98,'2022-09-06 00:00:00','11:30','Promozione2022'),
    (337,'tbende6@amazon.co.uk','PN637FB',98,'2022-05-31 00:00:00','14:02',15,'2022-07-17 00:00:00','12:51','Promozione2022'),
    (338,'ajirucao@biglobe.ne.jp','OH789MA',74,'2022-06-18 00:00:00','15:02',79,'2022-07-31 00:00:00','18:03',NULL),
    (339,'mwhal9@arstechnica.com','BK665RS',66,'2022-06-01 00:00:00','10:25',15,'2022-08-24 00:00:00','12:55',NULL),
    (340,'lglasby26@studiopress.com','MY986UO',15,'2022-06-18 00:00:00','17:09',15,'2022-07-07 00:00:00','10:43','Promozione2022'),
    (341,'scollingridge56@blog.com','HI616VZ',31,'2022-06-03 00:00:00','8:00',66,'2022-06-29 00:00:00','22:01','NEWENTRY'),
    (342,'rloft1e@oracle.com','BO874KN',16,'2022-06-17 00:00:00','20:18',74,'2022-07-06 00:00:00','19:18',NULL),
    (343,'ecalderbank3q@booking.com','SK513NX',62,'2022-06-23 00:00:00','21:39',85,'2022-07-06 00:00:00','9:52','Promozione2022'),
    (344,'asnarttr@xing.com','LI393AX',82,'2022-06-16 00:00:00','9:37',20,'2022-08-15 00:00:00','20:07','WOWTUTTO'),
    (345,'nvinecombe19@newyorker.com','SL298IZ',55,'2022-06-13 00:00:00','16:38',93,'2022-08-24 00:00:00','15:17',NULL),
    (346,'hrottgers4n@sciencedirect.com','DS220IM',29,'2022-06-01 00:00:00','21:46',29,'2022-09-12 00:00:00','19:20','NEWENTRY'),
    (347,'amontfort5f@bloomberg.com','PN637FB',19,'2022-06-05 00:00:00','13:25',11,'2022-07-25 00:00:00','20:44','NEWENTRY'),
    (348,'rmurrhaupt1g@homestead.com','SP895FQ',79,'2022-06-03 00:00:00','19:26',79,'2022-09-09 00:00:00','19:02',NULL),
    (349,'hrottgers4n@sciencedirect.com','XZ227MF',8,'2022-05-31 00:00:00','9:13',84,'2022-07-02 00:00:00','10:54','WOWTUTTO'),
    (350,'nstennes4k@yellowbook.com','RH170NF',31,'2022-06-25 00:00:00','8:28',59,'2022-07-26 00:00:00','15:07',NULL),
    (351,'cmattinson1r@weather.com','MZ023MJ',41,'2022-06-26 00:00:00','22:25',56,'2022-08-01 00:00:00','19:45','NEWENTRY'),
    (352,'gshoebotham3w@cbslocal.com','WL015PY',64,'2022-05-29 00:00:00','18:46',19,'2022-07-05 00:00:00','11:29','WOWTUTTO'),
    (353,'nfibbitts1j@github.io','QW389LX',31,'2022-06-16 00:00:00','22:45',45,'2022-09-24 00:00:00','13:22','Promozione2022'),
    (354,'vsearl3z@cornell.edu','KO325VF',7,'2022-06-04 00:00:00','17:37',28,'2022-09-25 00:00:00','20:43','NEWENTRY'),
    (355,'qheathcott4a@quantcast.com','NE036HD',90,'2022-05-27 00:00:00','16:10',75,'2022-07-22 00:00:00','18:29','WOWTUTTO'),
    (356,'sgristl@fema.gov','MQ370BZ',4,'2022-06-07 00:00:00','14:53',45,'2022-07-29 00:00:00','20:18','Promozione2022'),
    (357,'dwaple3k@prlog.org','DZ427XS',13,'2022-06-02 00:00:00','19:09',63,'2022-09-15 00:00:00','10:23','Promozione2022'),
    (358,'dshilleto23@ca.gov','YJ115FK',81,'2022-06-02 00:00:00','21:41',75,'2022-07-31 00:00:00','14:25','WOWTUTTO'),
    (359,'wkidd3e@github.com','IX828RO',86,'2022-06-24 00:00:00','13:57',5,'2022-07-22 00:00:00','10:58',NULL),
    (360,'rgribben1q@whitehouse.gov','IQ018FK',87,'2022-05-28 00:00:00','9:34',57,'2022-09-25 00:00:00','13:46','NEWENTRY'),
    (361,'nsteinham3o@opera.com','MC286YW',53,'2022-06-25 00:00:00','14:10',35,'2022-09-10 00:00:00','11:46','Promozione2022'),
    (362,'dpollins34@barnesandnoble.com','XI848NA',68,'2022-06-09 00:00:00','14:12',78,'2022-08-20 00:00:00','17:22',NULL),
    (363,'mulyat4q@taobao.com','NO410VF',23,'2022-06-12 00:00:00','20:43',55,'2022-09-23 00:00:00','15:19','NEWENTRY'),
    (364,'wtyre2f@opensource.org','EZ180XS',88,'2022-06-19 00:00:00','12:50',6,'2022-08-22 00:00:00','20:48','Promozione2022'),
    (365,'mbunner54@163.com','IU149IQ',83,'2022-06-06 00:00:00','13:17',37,'2022-09-23 00:00:00','16:22','NEWENTRY'),
    (366,'kfleote1b@hp.com','JG718ZR',65,'2022-06-06 00:00:00','20:32',45,'2022-09-25 00:00:00','14:57','NEWENTRY'),
    (367,'cchilcottez@tamu.edu','VH658BE',93,'2022-06-03 00:00:00','14:31',100,'2022-09-10 00:00:00','18:04',NULL),
    (368,'idealc@blinklist.com','XG158XA',80,'2022-06-02 00:00:00','16:56',83,'2022-07-28 00:00:00','19:35','NEWENTRY'),
    (369,'rcarolinem@alexa.com','TE083AZ',82,'2022-06-19 00:00:00','12:09',84,'2022-09-22 00:00:00','13:01',NULL),
    (370,'idealc@blinklist.com','TF665DI',13,'2022-05-28 00:00:00','19:03',75,'2022-07-02 00:00:00','18:39',NULL),
    (371,'tgooldenp@un.org','KZ306NG',76,'2022-06-24 00:00:00','10:43',27,'2022-09-25 00:00:00','20:46','NEWENTRY'),
    (372,'scollingridge56@blog.com','AL645VY',17,'2022-05-31 00:00:00','18:38',2,'2022-07-23 00:00:00','17:59','WOWTUTTO'),
    (373,'rcaulcott43@prnewswire.com','HN498RU',25,'2022-06-14 00:00:00','11:13',81,'2022-07-22 00:00:00','18:37',NULL),
    (374,'hrottgers4n@sciencedirect.com','NN156JP',66,'2022-06-20 00:00:00','9:05',68,'2022-08-21 00:00:00','17:28','NEWENTRY'),
    (375,'vsearl3z@cornell.edu','JD723ME',10,'2022-06-19 00:00:00','21:19',91,'2022-07-08 00:00:00','21:46',NULL),
    (376,'troad2t@discovery.com','XZ227MF',91,'2022-05-27 00:00:00','18:19',76,'2022-09-26 00:00:00','14:44',NULL),
    (377,'ptynan4f@myspace.com','TS838KP',35,'2022-06-14 00:00:00','17:39',87,'2022-07-05 00:00:00','10:29','NEWENTRY'),
    (378,'fhowlera@hc360.com','ZN752CC',71,'2022-05-28 00:00:00','11:38',93,'2022-09-03 00:00:00','13:58',NULL),
    (379,'thyder3@washington.edu','MV244ZS',17,'2022-06-24 00:00:00','11:34',55,'2022-09-16 00:00:00','13:34',NULL),
    (380,'iocrigan4z@comsenz.com','YD361MU',41,'2022-06-26 00:00:00','11:57',57,'2022-08-24 00:00:00','14:26','Promozione2022'),
    (381,'fswinburnek@amazon.de','VH658BE',90,'2022-06-20 00:00:00','10:03',24,'2022-08-30 00:00:00','14:04','WOWTUTTO'),
    (382,'owoolard1l@sciencedaily.com','JN691GS',68,'2022-06-02 00:00:00','22:52',60,'2022-08-16 00:00:00','18:49','NEWENTRY'),
    (383,'hpovah2z@gizmodo.com','EZ730AW',54,'2022-06-16 00:00:00','15:23',100,'2022-07-26 00:00:00','19:57','NEWENTRY'),
    (384,'garney30@usa.gov','UK542WU',49,'2022-06-04 00:00:00','12:18',34,'2022-09-16 00:00:00','22:10',NULL),
    (385,'rmacroww@qq.com','FR694TP',83,'2022-06-14 00:00:00','14:38',45,'2022-08-03 00:00:00','10:21','NEWENTRY'),
    (386,'grohmery@indiatimes.com','AJ824IW',63,'2022-05-28 00:00:00','21:14',22,'2022-07-16 00:00:00','18:25','Promozione2022'),
    (387,'bhicks22@sourceforge.net','PH595EN',28,'2022-06-04 00:00:00','13:58',6,'2022-09-13 00:00:00','16:20','WOWTUTTO'),
    (388,'bmilsted2r@comcast.net','WB104PC',39,'2022-06-07 00:00:00','11:20',95,'2022-07-11 00:00:00','11:54','Promozione2022'),
    (389,'sosgardby0@twitter.com','RH170NF',65,'2022-06-05 00:00:00','14:39',6,'2022-08-13 00:00:00','14:48',NULL),
    (390,'ylearoid1y@jigsy.com','DZ932RD',96,'2022-06-20 00:00:00','8:01',10,'2022-08-17 00:00:00','13:00','Promozione2022'),
    (391,'agrasha2y@vistaprint.com','AU213AY',24,'2022-06-04 00:00:00','19:32',70,'2022-09-17 00:00:00','20:32','NEWENTRY'),
    (392,'ceicke4@salon.com','LE653AS',38,'2022-06-09 00:00:00','21:44',14,'2022-08-15 00:00:00','13:34','Promozione2022'),
    (393,'cmattinson1r@weather.com','GC470GV',81,'2022-06-19 00:00:00','11:39',8,'2022-07-21 00:00:00','10:50',NULL),
    (394,'ugregersen2q@dropbox.com','WN697QW',12,'2022-06-02 00:00:00','12:30',85,'2022-09-24 00:00:00','9:14','NEWENTRY'),
    (395,'ylearoid1y@jigsy.com','JU410JF',97,'2022-06-05 00:00:00','10:08',48,'2022-09-09 00:00:00','17:16','WOWTUTTO'),
    (396,'gjobson2l@t-online.de','GQ986DF',46,'2022-06-23 00:00:00','14:06',98,'2022-08-21 00:00:00','8:57','NEWENTRY'),
    (397,'fgioan2p@wsj.com','BK665RS',6,'2022-06-05 00:00:00','12:58',49,'2022-09-23 00:00:00','21:43',NULL),
    (398,'fswinburnek@amazon.de','BO874KN',81,'2022-06-24 00:00:00','18:57',66,'2022-08-13 00:00:00','19:03','WOWTUTTO'),
    (399,'cfeige2e@chronoengine.com','DZ427XS',87,'2022-06-18 00:00:00','16:42',51,'2022-08-29 00:00:00','18:38',NULL),
    (400,'nstennes4k@yellowbook.com','GR722NM',33,'2022-06-20 00:00:00','11:47',10,'2022-08-27 00:00:00','10:46','NEWENTRY'),
    (401,'wtyre2f@opensource.org','OZ845MQ',41,'2022-05-30 00:00:00','22:22',55,'2022-07-12 00:00:00','15:10',NULL),
    (402,'mdegiovanni3d@live.com','AL549CZ',82,'2022-06-03 00:00:00','9:20',63,'2022-07-30 00:00:00','22:45','WOWTUTTO'),
    (403,'owoolard1l@sciencedaily.com','WT081CC',52,'2022-06-14 00:00:00','16:43',71,'2022-07-20 00:00:00','21:11',NULL),
    (404,'orannald55@163.com','DS220IM',94,'2022-06-01 00:00:00','13:45',28,'2022-07-11 00:00:00','17:11',NULL),
    (405,'stolley3s@mtv.com','MY513DA',57,'2022-06-18 00:00:00','20:35',45,'2022-07-28 00:00:00','10:03','Promozione2022'),
    (406,'dcaltun3f@indiegogo.com','FC724SO',6,'2022-06-15 00:00:00','13:58',41,'2022-08-12 00:00:00','17:58','NEWENTRY'),
    (407,'bneagle4d@cdc.gov','ND851JF',27,'2022-06-01 00:00:00','14:10',7,'2022-08-13 00:00:00','21:50',NULL),
    (408,'mbragginton24@si.edu','AL549CZ',27,'2022-06-24 00:00:00','12:06',68,'2022-08-22 00:00:00','8:31','WOWTUTTO'),
    (409,'kpoley40@goo.ne.jp','NW405PR',38,'2022-06-15 00:00:00','12:29',14,'2022-08-15 00:00:00','9:44',NULL),
    (410,'ljakubovits3b@tmall.com','WB104PC',8,'2022-06-05 00:00:00','15:38',30,'2022-07-11 00:00:00','9:03','Promozione2022'),
    (411,'hroyston48@amazon.co.uk','AU213AY',27,'2022-05-31 00:00:00','16:34',9,'2022-08-10 00:00:00','20:56','NEWENTRY'),
    (412,'promainti@scientificamerican.com','IR197BJ',62,'2022-06-25 00:00:00','12:22',75,'2022-07-09 00:00:00','11:00','NEWENTRY'),
    (413,'bbarnewall50@geocities.com','RY300VE',20,'2022-06-24 00:00:00','22:33',80,'2022-08-13 00:00:00','12:51',NULL),
    (414,'rloft1e@oracle.com','UK542WU',65,'2022-06-07 00:00:00','15:09',15,'2022-07-24 00:00:00','9:50',NULL),
    (415,'aashingden1w@facebook.com','NT827YC',7,'2022-06-19 00:00:00','16:37',43,'2022-09-20 00:00:00','14:00','WOWTUTTO'),
    (416,'rmacroww@qq.com','HY300LW',13,'2022-06-17 00:00:00','10:57',82,'2022-08-16 00:00:00','10:33','Promozione2022'),
    (417,'cfeige2e@chronoengine.com','LI393AX',21,'2022-06-22 00:00:00','16:27',65,'2022-09-09 00:00:00','12:48','WOWTUTTO'),
    (418,'vhaffard13@wordpress.com','EZ180XS',63,'2022-06-14 00:00:00','20:19',14,'2022-08-18 00:00:00','14:46','NEWENTRY'),
    (419,'eoconnor1h@independent.co.uk','JD723ME',45,'2022-06-06 00:00:00','12:40',80,'2022-08-02 00:00:00','11:31',NULL),
    (420,'bbarnewall50@geocities.com','JF533BG',92,'2022-05-28 00:00:00','17:44',77,'2022-07-15 00:00:00','20:27',NULL),
    (421,'rmacroww@qq.com','PS383VU',59,'2022-06-22 00:00:00','22:49',64,'2022-08-07 00:00:00','18:36','WOWTUTTO'),
    (422,'gastill1p@goodreads.com','WL410XH',60,'2022-06-15 00:00:00','16:54',15,'2022-07-15 00:00:00','16:56','Promozione2022'),
    (423,'fgioan2p@wsj.com','WT081CC',14,'2022-05-31 00:00:00','20:26',14,'2022-08-19 00:00:00','18:33','Promozione2022'),
    (424,'groggers2c@discuz.net','CU840ID',30,'2022-06-10 00:00:00','21:41',37,'2022-07-30 00:00:00','12:55',NULL),
    (425,'phendrikse25@shutterfly.com','DJ927AH',30,'2022-06-17 00:00:00','13:55',97,'2022-08-20 00:00:00','19:45','Promozione2022'),
    (426,'cnind2g@com.com','HN732FG',61,'2022-06-19 00:00:00','9:12',9,'2022-07-08 00:00:00','22:49','Promozione2022'),
    (427,'idyson1v@reverbnation.com','OF279SO',17,'2022-06-15 00:00:00','15:37',55,'2022-07-20 00:00:00','17:13','NEWENTRY'),
    (428,'nsteinham3o@opera.com','TP241GR',93,'2022-06-17 00:00:00','18:39',84,'2022-09-23 00:00:00','11:19','NEWENTRY'),
    (429,'mgalier1@nasa.gov','MK071VT',60,'2022-06-24 00:00:00','13:35',91,'2022-09-03 00:00:00','16:29','WOWTUTTO'),
    (430,'emunsey5@techcrunch.com','UK542WU',86,'2022-06-24 00:00:00','22:52',20,'2022-08-26 00:00:00','10:12','Promozione2022'),
    (431,'cmattinson1r@weather.com','KR779YY',52,'2022-06-05 00:00:00','12:34',74,'2022-09-06 00:00:00','12:45','NEWENTRY'),
    (432,'olindores36@bizjournals.com','HY300LW',47,'2022-06-07 00:00:00','18:10',40,'2022-08-08 00:00:00','12:22','NEWENTRY'),
    (433,'troad2t@discovery.com','EZ180XS',26,'2022-06-04 00:00:00','12:33',75,'2022-09-11 00:00:00','15:43',NULL),
    (434,'ylearoid1y@jigsy.com','TS838KP',85,'2022-06-26 00:00:00','20:00',23,'2022-07-28 00:00:00','10:54',NULL),
    (435,'bmilsted2r@comcast.net','VS655UA',14,'2022-06-24 00:00:00','14:53',36,'2022-09-22 00:00:00','8:28',NULL),
    (436,'asnarttr@xing.com','KO939RC',9,'2022-06-19 00:00:00','15:48',65,'2022-08-16 00:00:00','8:47','WOWTUTTO'),
    (437,'lwelburn4w@ihg.com','KO939RC',7,'2022-06-15 00:00:00','15:30',82,'2022-08-18 00:00:00','20:21',NULL),
    (438,'ylearoid1y@jigsy.com','QW389LX',63,'2022-06-17 00:00:00','8:55',57,'2022-09-19 00:00:00','12:46','Promozione2022'),
    (439,'bolekhov29@wordpress.org','KO325VF',32,'2022-06-17 00:00:00','20:35',48,'2022-07-27 00:00:00','11:31','NEWENTRY'),
    (440,'sboyall1o@google.ru','WG048UJ',87,'2022-06-25 00:00:00','14:26',90,'2022-09-16 00:00:00','13:35','NEWENTRY'),
    (441,'phendrikse25@shutterfly.com','NE036HD',56,'2022-06-22 00:00:00','19:15',79,'2022-07-03 00:00:00','10:37',NULL),
    (442,'fgioan2p@wsj.com','WN697QW',83,'2022-06-19 00:00:00','20:46',22,'2022-09-03 00:00:00','20:30','WOWTUTTO'),
    (443,'kduffett2j@usa.gov','UY796NW',86,'2022-06-15 00:00:00','21:06',78,'2022-07-28 00:00:00','21:48',NULL),
    (444,'sboyall1o@google.ru','SL298IZ',80,'2022-06-11 00:00:00','17:36',48,'2022-08-28 00:00:00','11:19','WOWTUTTO'),
    (445,'tplewes1d@mail.ru','HN933HD',62,'2022-06-22 00:00:00','18:31',94,'2022-07-07 00:00:00','21:32',NULL),
    (446,'lweafer59@meetup.com','DR737HG',21,'2022-06-19 00:00:00','22:55',100,'2022-07-04 00:00:00','21:42',NULL),
    (447,'garney30@usa.gov','GK336PL',7,'2022-06-24 00:00:00','10:16',67,'2022-07-14 00:00:00','19:52',NULL),
    (448,'mgalier1@nasa.gov','VT437KW',52,'2022-05-31 00:00:00','14:38',43,'2022-07-11 00:00:00','15:59','Promozione2022'),
    (449,'djedrzejkiewicz15@nydailynews.com','PW519IL',39,'2022-06-17 00:00:00','18:00',35,'2022-08-28 00:00:00','10:41','WOWTUTTO'),
    (450,'ugautrey4g@prweb.com','BL399CW',18,'2022-06-17 00:00:00','18:40',3,'2022-08-31 00:00:00','15:15',NULL),
    (451,'fcursey45@symantec.com','XZ227MF',3,'2022-06-03 00:00:00','9:36',90,'2022-09-15 00:00:00','22:43','WOWTUTTO'),
    (452,'emunsey5@techcrunch.com','YJ115FK',47,'2022-06-12 00:00:00','9:42',58,'2022-08-25 00:00:00','20:55','WOWTUTTO'),
    (453,'cedlyne2d@go.com','NR958AE',56,'2022-06-12 00:00:00','15:34',86,'2022-09-22 00:00:00','11:12','WOWTUTTO'),
    (454,'tplinck4h@cyberchimps.com','UK542WU',36,'2022-05-28 00:00:00','15:22',70,'2022-08-05 00:00:00','10:04','NEWENTRY'),
    (455,'htheseira1u@ovh.net','QW430OR',17,'2022-06-05 00:00:00','16:26',30,'2022-07-18 00:00:00','17:08',NULL),
    (456,'amantz2s@linkedin.com','PW519IL',2,'2022-06-05 00:00:00','17:47',77,'2022-09-25 00:00:00','9:14','Promozione2022'),
    (457,'dcaltun3f@indiegogo.com','BL399CW',70,'2022-06-16 00:00:00','9:07',39,'2022-07-29 00:00:00','15:12','NEWENTRY'),
    (458,'emeese1s@blogtalkradio.com','RA286SA',51,'2022-06-12 00:00:00','20:44',4,'2022-07-18 00:00:00','15:38',NULL),
    (459,'rloft1e@oracle.com','IR197BJ',81,'2022-06-18 00:00:00','9:24',13,'2022-08-30 00:00:00','17:48',NULL),
    (460,'fhowlera@hc360.com','OH789MA',18,'2022-06-10 00:00:00','16:30',75,'2022-09-12 00:00:00','14:54','WOWTUTTO'),
    (461,'ghenrion4b@drupal.org','SU795XH',39,'2022-06-04 00:00:00','14:32',51,'2022-07-25 00:00:00','8:14','Promozione2022'),
    (462,'gmckeefry2i@youtu.be','RY300VE',13,'2022-06-26 00:00:00','20:58',21,'2022-07-05 00:00:00','22:37','Promozione2022'),
    (463,'eabrahmovicih@google.co.uk','DJ927AH',37,'2022-06-15 00:00:00','16:01',10,'2022-07-06 00:00:00','10:35','Promozione2022'),
    (464,'mrobelin3x@blog.com','VZ092IV',83,'2022-06-16 00:00:00','13:03',56,'2022-09-21 00:00:00','22:35','NEWENTRY'),
    (465,'troad2t@discovery.com','EZ180XS',31,'2022-06-06 00:00:00','11:57',45,'2022-08-10 00:00:00','11:14','NEWENTRY'),
    (466,'mulyat4q@taobao.com','HY300LW',85,'2022-06-05 00:00:00','9:00',94,'2022-07-18 00:00:00','22:25','NEWENTRY'),
    (467,'asygrove5g@pinterest.com','SL298IZ',19,'2022-06-01 00:00:00','17:39',98,'2022-08-17 00:00:00','12:24','NEWENTRY'),
    (468,'rcaulcott43@prnewswire.com','HN933HD',84,'2022-06-24 00:00:00','16:01',8,'2022-07-26 00:00:00','12:35',NULL),
    (469,'phendrikse25@shutterfly.com','GC470GV',83,'2022-06-11 00:00:00','8:37',57,'2022-06-28 00:00:00','18:15','NEWENTRY'),
    (470,'mwaren32@51.la','MK071VT',67,'2022-06-01 00:00:00','17:41',82,'2022-08-01 00:00:00','8:38',NULL),
    (471,'vsearl3z@cornell.edu','SE895QD',70,'2022-06-09 00:00:00','21:14',22,'2022-07-31 00:00:00','19:32',NULL),
    (472,'scollingridge56@blog.com','YN517SF',67,'2022-06-03 00:00:00','12:59',71,'2022-07-01 00:00:00','8:57','NEWENTRY'),
    (473,'rhayleyb@friendfeed.com','SU795XH',96,'2022-05-28 00:00:00','13:17',68,'2022-06-30 00:00:00','11:00',NULL),
    (474,'bhillettd@smugmug.com','DZ427XS',73,'2022-06-08 00:00:00','10:30',68,'2022-08-20 00:00:00','15:22','NEWENTRY'),
    (475,'cboagey28@friendfeed.com','UK370IP',50,'2022-06-22 00:00:00','9:44',89,'2022-09-11 00:00:00','17:22','NEWENTRY'),
    (476,'ptynan4f@myspace.com','WV531XU',66,'2022-06-24 00:00:00','18:29',8,'2022-07-10 00:00:00','19:40',NULL),
    (477,'mbragginton24@si.edu','BL399CW',6,'2022-06-05 00:00:00','10:02',53,'2022-08-28 00:00:00','15:50','NEWENTRY'),
    (478,'pdelacey57@t-online.de','NW405PR',64,'2022-06-22 00:00:00','11:18',18,'2022-09-18 00:00:00','20:54',NULL),
    (479,'mrobelin3x@blog.com','XA103ZX',39,'2022-06-19 00:00:00','21:14',36,'2022-08-02 00:00:00','18:38',NULL),
    (480,'idealc@blinklist.com','WV531XU',56,'2022-06-11 00:00:00','16:21',6,'2022-08-13 00:00:00','17:17',NULL),
    (481,'kduffett2j@usa.gov','RH170NF',73,'2022-06-01 00:00:00','16:07',27,'2022-09-14 00:00:00','16:54',NULL),
    (482,'dpollins34@barnesandnoble.com','VT437KW',75,'2022-06-24 00:00:00','20:35',12,'2022-08-06 00:00:00','19:32',NULL),
    (483,'gpauels@hhs.gov','SK513NX',36,'2022-06-24 00:00:00','9:52',20,'2022-08-02 00:00:00','11:03',NULL),
    (484,'rwagstaff31@nyu.edu','RA286SA',81,'2022-06-06 00:00:00','20:22',84,'2022-09-03 00:00:00','11:04','WOWTUTTO'),
    (485,'nstennes4k@yellowbook.com','UK287LK',55,'2022-06-04 00:00:00','19:23',34,'2022-07-22 00:00:00','18:46','Promozione2022'),
    (486,'vhaffard13@wordpress.com','UY796NW',3,'2022-06-26 00:00:00','14:00',48,'2022-08-22 00:00:00','17:41',NULL),
    (487,'cchilcottez@tamu.edu','YJ115FK',8,'2022-06-01 00:00:00','17:41',37,'2022-08-13 00:00:00','11:54','NEWENTRY'),
    (488,'rhayleyb@friendfeed.com','QW389LX',79,'2022-05-27 00:00:00','22:37',4,'2022-09-16 00:00:00','20:33','WOWTUTTO'),
    (489,'mklimkiewich2@europa.eu','FR694TP',68,'2022-06-25 00:00:00','20:15',36,'2022-09-04 00:00:00','16:13','Promozione2022'),
    (490,'bdreini4p@yellowpages.com','BU637DI',50,'2022-06-14 00:00:00','21:53',66,'2022-08-24 00:00:00','18:01','NEWENTRY'),
    (491,'mklimkiewich2@europa.eu','IO616DK',6,'2022-06-25 00:00:00','11:31',50,'2022-08-04 00:00:00','8:33',NULL),
    (492,'jmallall1a@gov.uk','HH079GA',64,'2022-06-10 00:00:00','22:17',69,'2022-08-31 00:00:00','19:40','Promozione2022'),
    (493,'avasyutochkin4i@virginia.edu','TC750UY',60,'2022-06-04 00:00:00','8:53',42,'2022-07-06 00:00:00','8:55','NEWENTRY'),
    (494,'sgristl@fema.gov','GK336PL',20,'2022-06-12 00:00:00','17:37',73,'2022-09-03 00:00:00','12:19','Promozione2022'),
    (495,'egilvear18@naver.com','VH658BE',82,'2022-06-25 00:00:00','17:06',71,'2022-08-10 00:00:00','18:36',NULL),
    (496,'bmilsted2r@comcast.net','QW389LX',24,'2022-06-22 00:00:00','14:53',77,'2022-07-25 00:00:00','11:07',NULL),
    (497,'fhowlera@hc360.com','QF128UE',66,'2022-05-27 00:00:00','20:38',78,'2022-08-13 00:00:00','9:24','Promozione2022'),
    (498,'askeletonj@chicagotribune.com','WG048UJ',90,'2022-06-13 00:00:00','10:38',76,'2022-08-17 00:00:00','14:23','WOWTUTTO'),
    (499,'rmacroww@qq.com','FR694TP',20,'2022-06-21 00:00:00','20:27',8,'2022-09-03 00:00:00','18:13',NULL),
    (500,'aluesley46@fc2.com','JW192ST',77,'2022-05-30 00:00:00','22:26',60,'2022-07-08 00:00:00','10:00',NULL);

INSERT INTO OPTIONAL_NOLEGGIO VALUES
    ('GPS',27),
    ('Assistenza Stradale',305),
    ('Catene da neve',42),
    ('GPS',478),
    ('GPS',264),
    ('Catene da neve',288),
    ('Porta Sci',9),
    ('Porta Sci',236),
    ('Assistenza Stradale',100),
    ('Wi-Fi router',251),
    ('Assistenza Stradale',86),
    ('Seggiolino per neonato',43),
    ('Seggiolino per bambino',232),
    ('Catene da neve',500),
    ('Seggiolino per neonato',472),
    ('Catene da neve',138),
    ('Porta Sci',479),
    ('Seggiolino per neonato',212),
    ('Seggiolino per bambino',31),
    ('Assistenza Stradale',351),
    ('Seggiolino per neonato',156),
    ('Porta Sci',93),
    ('Rialzo per bambino',259),
    ('Seggiolino per neonato',108),
    ('Seggiolino per neonato',111),
    ('Assistenza Stradale',88),
    ('GPS',413),
    ('Seggiolino per neonato',368),
    ('Wi-Fi router',433),
    ('Conducente addizionale',207),
    ('Rialzo per bambino',230),
    ('Porta Sci',169),
    ('Porta Sci',257),
    ('Conducente addizionale',181),
    ('Catene da neve',367),
    ('Wi-Fi router',285),
    ('Wi-Fi router',333),
    ('Rialzo per bambino',240),
    ('Seggiolino per bambino',360),
    ('Seggiolino per bambino',148),
    ('Seggiolino per bambino',310),
    ('Porta Sci',284),
    ('Wi-Fi router',83),
    ('Wi-Fi router',281),
    ('Seggiolino per bambino',102),
    ('Porta Sci',173),
    ('Seggiolino per neonato',17),
    ('Porta Sci',21),
    ('Rialzo per bambino',245),
    ('Rialzo per bambino',30),
    ('GPS',267),
    ('Assistenza Stradale',448),
    ('GPS',292),
    ('Rialzo per bambino',211),
    ('Seggiolino per neonato',396),
    ('Rialzo per bambino',149),
    ('Porta Sci',115),
    ('Assistenza Stradale',383),
    ('GPS',35),
    ('Seggiolino per neonato',145),
    ('Rialzo per bambino',136),
    ('Porta Sci',36),
    ('Porta Sci',162),
    ('Catene da neve',157),
    ('Rialzo per bambino',333),
    ('Catene da neve',167),
    ('Wi-Fi router',109),
    ('GPS',304),
    ('Assistenza Stradale',474),
    ('Conducente addizionale',472),
    ('Assistenza Stradale',489),
    ('GPS',236),
    ('Conducente addizionale',299),
    ('Assistenza Stradale',445),
    ('Porta Sci',220),
    ('Wi-Fi router',113),
    ('GPS',334),
    ('GPS',229),
    ('Porta Sci',1),
    ('GPS',55),
    ('Wi-Fi router',171),
    ('Catene da neve',458),
    ('Catene da neve',491),
    ('Seggiolino per neonato',93),
    ('Rialzo per bambino',499),
    ('Conducente addizionale',241),
    ('Seggiolino per bambino',346),
    ('Catene da neve',325),
    ('Porta Sci',123),
    ('Conducente addizionale',214),
    ('Porta Sci',45),
    ('Porta Sci',195),
    ('Seggiolino per bambino',273),
    ('Porta Sci',379),
    ('Porta Sci',403),
    ('Conducente addizionale',372),
    ('Catene da neve',451),
    ('Rialzo per bambino',56),
    ('GPS',111),
    ('Seggiolino per bambino',379),
    ('Rialzo per bambino',478),
    ('Porta Sci',178),
    ('GPS',363),
    ('Assistenza Stradale',393),
    ('Conducente addizionale',231),
    ('Seggiolino per bambino',121),
    ('Conducente addizionale',233),
    ('Porta Sci',166),
    ('Seggiolino per bambino',222),
    ('Conducente addizionale',463),
    ('Porta Sci',180),
    ('GPS',195),
    ('GPS',13),
    ('Seggiolino per neonato',208),
    ('Porta Sci',290),
    ('Assistenza Stradale',1),
    ('Rialzo per bambino',83),
    ('Seggiolino per bambino',403),
    ('Porta Sci',70),
    ('Rialzo per bambino',457),
    ('Wi-Fi router',88),
    ('GPS',173),
    ('Wi-Fi router',401),
    ('Rialzo per bambino',123),
    ('Seggiolino per neonato',218),
    ('Rialzo per bambino',399),
    ('Catene da neve',154),
    ('Assistenza Stradale',286),
    ('GPS',214),
    ('Rialzo per bambino',43),
    ('Rialzo per bambino',469),
    ('Seggiolino per neonato',183),
    ('Wi-Fi router',294),
    ('Porta Sci',489),
    ('GPS',49),
    ('Rialzo per bambino',91),
    ('GPS',269),
    ('Rialzo per bambino',10),
    ('Seggiolino per bambino',97),
    ('Conducente addizionale',26),
    ('Assistenza Stradale',55),
    ('Seggiolino per neonato',318),
    ('Seggiolino per neonato',227),
    ('Seggiolino per bambino',168),
    ('Assistenza Stradale',44),
    ('GPS',359),
    ('GPS',58),
    ('Wi-Fi router',400),
    ('Seggiolino per neonato',357),
    ('Seggiolino per bambino',47),
    ('Seggiolino per bambino',343),
    ('Rialzo per bambino',388),
    ('Porta Sci',237),
    ('Catene da neve',442),
    ('Assistenza Stradale',51),
    ('Seggiolino per bambino',369),
    ('Seggiolino per bambino',371),
    ('Catene da neve',32),
    ('GPS',219),
    ('Rialzo per bambino',253),
    ('Assistenza Stradale',195),
    ('Seggiolino per neonato',5),
    ('Assistenza Stradale',443),
    ('Conducente addizionale',468),
    ('Rialzo per bambino',335),
    ('Assistenza Stradale',113),
    ('Wi-Fi router',78),
    ('Rialzo per bambino',467),
    ('Assistenza Stradale',453),
    ('Assistenza Stradale',207),
    ('GPS',152),
    ('Rialzo per bambino',291),
    ('Conducente addizionale',321),
    ('Rialzo per bambino',90),
    ('Seggiolino per bambino',3),
    ('Wi-Fi router',161),
    ('Porta Sci',335),
    ('Seggiolino per bambino',264),
    ('Conducente addizionale',185),
    ('Seggiolino per bambino',128),
    ('Seggiolino per neonato',134),
    ('Seggiolino per bambino',439),
    ('Wi-Fi router',26),
    ('Seggiolino per neonato',451),
    ('Seggiolino per neonato',299),
    ('GPS',384),
    ('Rialzo per bambino',307),
    ('GPS',421),
    ('Seggiolino per bambino',481),
    ('Rialzo per bambino',349),
    ('Seggiolino per neonato',481),
    ('Seggiolino per bambino',30),
    ('Porta Sci',227),
    ('Catene da neve',488),
    ('Assistenza Stradale',266),
    ('Wi-Fi router',241),
    ('Wi-Fi router',246),
    ('Catene da neve',212),
    ('Catene da neve',302),
    ('Wi-Fi router',68),
    ('Seggiolino per neonato',495),
    ('Assistenza Stradale',470),
    ('Seggiolino per neonato',433),
    ('Assistenza Stradale',473),
    ('Conducente addizionale',346),
    ('Wi-Fi router',149),
    ('Catene da neve',444),
    ('GPS',132),
    ('Catene da neve',343),
    ('Rialzo per bambino',304),
    ('Seggiolino per neonato',305),
    ('Conducente addizionale',446),
    ('Assistenza Stradale',290),
    ('GPS',140),
    ('Wi-Fi router',304),
    ('Seggiolino per bambino',33),
    ('Seggiolino per bambino',414),
    ('Catene da neve',293),
    ('Seggiolino per neonato',219),
    ('Catene da neve',62),
    ('Porta Sci',176),
    ('Catene da neve',319),
    ('Catene da neve',59),
    ('Catene da neve',445),
    ('Catene da neve',147),
    ('Wi-Fi router',448),
    ('Rialzo per bambino',99),
    ('Porta Sci',200),
    ('Porta Sci',425),
    ('Rialzo per bambino',293),
    ('GPS',223),
    ('Porta Sci',122),
    ('Catene da neve',476),
    ('Seggiolino per neonato',269);
INSERT INTO OPTIONAL_NOLEGGIO VALUES
    ('Seggiolino per bambino',426),
    ('Rialzo per bambino',448),
    ('Assistenza Stradale',494),
    ('Seggiolino per bambino',180),
    ('Rialzo per bambino',385),
    ('Seggiolino per neonato',31),
    ('Conducente addizionale',285),
    ('Seggiolino per bambino',286),
    ('Rialzo per bambino',156),
    ('Conducente addizionale',431),
    ('Rialzo per bambino',111),
    ('Porta Sci',283),
    ('GPS',70),
    ('Wi-Fi router',153),
    ('Wi-Fi router',60),
    ('Seggiolino per bambino',37),
    ('Catene da neve',102),
    ('Rialzo per bambino',389),
    ('Porta Sci',449),
    ('GPS',168),
    ('Assistenza Stradale',427),
    ('Porta Sci',192),
    ('Seggiolino per bambino',198),
    ('Porta Sci',433),
    ('GPS',76),
    ('Wi-Fi router',471),
    ('Seggiolino per bambino',356),
    ('Conducente addizionale',486),
    ('Seggiolino per bambino',13),
    ('Porta Sci',102),
    ('Catene da neve',124),
    ('Seggiolino per neonato',91),
    ('Wi-Fi router',247),
    ('Catene da neve',316),
    ('Wi-Fi router',456),
    ('GPS',400),
    ('Rialzo per bambino',329),
    ('Wi-Fi router',265),
    ('Wi-Fi router',290),
    ('GPS',487),
    ('Wi-Fi router',98),
    ('GPS',281),
    ('Porta Sci',299),
    ('Rialzo per bambino',496),
    ('GPS',415),
    ('Porta Sci',356),
    ('GPS',39),
    ('Porta Sci',394),
    ('Conducente addizionale',329),
    ('GPS',474),
    ('Catene da neve',240),
    ('GPS',80),
    ('Wi-Fi router',351),
    ('Assistenza Stradale',14),
    ('Seggiolino per bambino',408),
    ('Catene da neve',225),
    ('GPS',52),
    ('GPS',48),
    ('GPS',439),
    ('Catene da neve',496),
    ('Rialzo per bambino',221),
    ('Porta Sci',305),
    ('Wi-Fi router',478),
    ('Catene da neve',467),
    ('Porta Sci',205),
    ('Seggiolino per neonato',371),
    ('GPS',96),
    ('Porta Sci',171),
    ('Wi-Fi router',420),
    ('Assistenza Stradale',484),
    ('Conducente addizionale',15),
    ('Conducente addizionale',366),
    ('Seggiolino per neonato',343),
    ('Porta Sci',387),
    ('Conducente addizionale',427),
    ('Porta Sci',73),
    ('GPS',20),
    ('Seggiolino per neonato',290),
    ('Porta Sci',18),
    ('Seggiolino per neonato',192),
    ('Seggiolino per bambino',175),
    ('Porta Sci',240),
    ('GPS',430),
    ('Wi-Fi router',286),
    ('Wi-Fi router',148),
    ('Seggiolino per bambino',499),
    ('Assistenza Stradale',288),
    ('Porta Sci',272),
    ('GPS',419),
    ('Seggiolino per bambino',465),
    ('Porta Sci',426),
    ('Catene da neve',16),
    ('Catene da neve',55),
    ('Porta Sci',131),
    ('GPS',306),
    ('Conducente addizionale',120),
    ('Catene da neve',438),
    ('Seggiolino per bambino',494),
    ('Wi-Fi router',363),
    ('Wi-Fi router',462),
    ('Catene da neve',101),
    ('Assistenza Stradale',141),
    ('Porta Sci',393),
    ('Rialzo per bambino',484),
    ('Rialzo per bambino',470),
    ('Conducente addizionale',127),
    ('Wi-Fi router',256),
    ('Conducente addizionale',137),
    ('Assistenza Stradale',285),
    ('Seggiolino per bambino',300),
    ('Seggiolino per bambino',298),
    ('Porta Sci',137),
    ('Wi-Fi router',279),
    ('Conducente addizionale',89),
    ('Wi-Fi router',458),
    ('GPS',480),
    ('Rialzo per bambino',201),
    ('Rialzo per bambino',278),
    ('Wi-Fi router',429),
    ('Rialzo per bambino',68),
    ('Conducente addizionale',300),
    ('Assistenza Stradale',442),
    ('Catene da neve',3),
    ('GPS',131),
    ('Seggiolino per neonato',492),
    ('GPS',438),
    ('Porta Sci',473),
    ('Wi-Fi router',442),
    ('Assistenza Stradale',432),
    ('GPS',22),
    ('Porta Sci',450),
    ('Conducente addizionale',32),
    ('Seggiolino per bambino',120),
    ('Porta Sci',91),
    ('Rialzo per bambino',318),
    ('Rialzo per bambino',288),
    ('GPS',28),
    ('Assistenza Stradale',105),
    ('Rialzo per bambino',37),
    ('Conducente addizionale',479),
    ('Wi-Fi router',191),
    ('Porta Sci',206),
    ('Assistenza Stradale',151),
    ('Rialzo per bambino',281),
    ('Catene da neve',100);

insert into PAGAMENTO (idnoleggio, numerocarta, importo, dataPag) values (1, 5100140336977667, calcolaImporto(1),'2022-06-13 00:00:00');
insert into PAGAMENTO (idnoleggio, numerocarta, importo, dataPag) values (2, 5256400013173291, calcolaImporto(2),'2022-02-28 00:00:00');
insert into PAGAMENTO (idnoleggio, numerocarta, importo, dataPag) values (3, 5211036210479323, calcolaImporto(3),'2022-02-09 00:00:00');
insert into PAGAMENTO (idnoleggio, numerocarta, importo, dataPag) values (4, 5010123568107517, calcolaImporto(4),'2022-05-05 00:00:00');
insert into PAGAMENTO (idnoleggio, numerocarta, importo, dataPag) values (5, 5416641574121404, calcolaImporto(5),'2022-02-26 00:00:00');
insert into PAGAMENTO (idnoleggio, numerocarta, importo, dataPag) values (6, 5100173452485850, calcolaImporto(6),'2022-02-25 00:00:00');
insert into PAGAMENTO (idnoleggio, numerocarta, importo, dataPag) values (7, 5100148116665022, calcolaImporto(7),'2022-04-16 00:00:00');
insert into PAGAMENTO (idnoleggio, numerocarta, importo, dataPag) values (8, 5543111053490924, calcolaImporto(8),'2022-06-28 00:00:00');
insert into PAGAMENTO (idnoleggio, numerocarta, importo, dataPag) values (9, 5179627094914904, calcolaImporto(9),'2022-04-22 00:00:00');
insert into PAGAMENTO (idnoleggio, numerocarta, importo, dataPag) values (10, 5108757612517370, calcolaImporto(10),'2022-05-09 00:00:00');
insert into PAGAMENTO (idnoleggio, numerocarta, importo, dataPag) values (11, 5010126460382377, calcolaImporto(11),'2022-05-12 00:00:00');
insert into PAGAMENTO (idnoleggio, numerocarta, importo, dataPag) values (12, 5048379209918250, calcolaImporto(12),'2022-02-08 00:00:00');
insert into PAGAMENTO (idnoleggio, numerocarta, importo, dataPag) values (13, 5048374883091656, calcolaImporto(13),'2022-02-20 00:00:00');
insert into PAGAMENTO (idnoleggio, numerocarta, importo, dataPag) values (14, 5100137956693707, calcolaImporto(14),'2022-05-19 00:00:00');
insert into PAGAMENTO (idnoleggio, numerocarta, importo, dataPag) values (15, 5002351768428272, calcolaImporto(15),'2022-07-20 00:00:00');
insert into PAGAMENTO (idnoleggio, numerocarta, importo, dataPag) values (16, 5007667048786253, calcolaImporto(16),'2022-06-08 00:00:00');
insert into PAGAMENTO (idnoleggio, numerocarta, importo, dataPag) values (17, 5100139626504561, calcolaImporto(17),'2022-06-07 00:00:00');
insert into PAGAMENTO (idnoleggio, numerocarta, importo, dataPag) values (18, 5581584449387959, calcolaImporto(18),'2022-02-03 00:00:00');
insert into PAGAMENTO (idnoleggio, numerocarta, importo, dataPag) values (19, 5551772056003086, calcolaImporto(19),'2022-03-23 00:00:00');
insert into PAGAMENTO (idnoleggio, numerocarta, importo, dataPag) values (20, 5100173484696433, calcolaImporto(20),'2022-03-18 00:00:00');
insert into PAGAMENTO (idnoleggio, numerocarta, importo, dataPag) values (21, 5007662500681332, calcolaImporto(21),'2022-03-21 00:00:00');
insert into PAGAMENTO (idnoleggio, numerocarta, importo, dataPag) values (22, 5385865959139981, calcolaImporto(22),'2022-02-13 00:00:00');
insert into PAGAMENTO (idnoleggio, numerocarta, importo, dataPag) values (23, 5007660665443944, calcolaImporto(23),'2022-05-08 00:00:00');
insert into PAGAMENTO (idnoleggio, numerocarta, importo, dataPag) values (24, 5002354236265755, calcolaImporto(24),'2022-05-12 00:00:00');
insert into PAGAMENTO (idnoleggio, numerocarta, importo, dataPag) values (25, 5151630596766923, calcolaImporto(25),'2022-04-08 00:00:00');
insert into PAGAMENTO (idnoleggio, numerocarta, importo, dataPag) values (26, 5108757612517370, calcolaImporto(26),'2022-05-28 00:00:00');
insert into PAGAMENTO (idnoleggio, numerocarta, importo, dataPag) values (27, 5048371697221172, calcolaImporto(27),'2022-03-16 00:00:00');
insert into PAGAMENTO (idnoleggio, numerocarta, importo, dataPag) values (28, 5507871340954321, calcolaImporto(28),'2022-04-29 00:00:00');
insert into PAGAMENTO (idnoleggio, numerocarta, importo, dataPag) values (29, 5500920030920220, calcolaImporto(29),'2022-07-23 00:00:00');
insert into PAGAMENTO (idnoleggio, numerocarta, importo, dataPag) values (30, 5100130541142298, calcolaImporto(30),'2022-02-10 00:00:00');
insert into PAGAMENTO (idnoleggio, numerocarta, importo, dataPag) values (31, 5007663704387585, calcolaImporto(31),'2022-04-03 00:00:00');
insert into PAGAMENTO (idnoleggio, numerocarta, importo, dataPag) values (32, 5354488798205165, calcolaImporto(32),'2022-04-21 00:00:00');
insert into PAGAMENTO (idnoleggio, numerocarta, importo, dataPag) values (33, 5579187446640620, calcolaImporto(33),'2022-03-08 00:00:00');
insert into PAGAMENTO (idnoleggio, numerocarta, importo, dataPag) values (34, 5224197011148262, calcolaImporto(34),'2022-03-31 00:00:00');
insert into PAGAMENTO (idnoleggio, numerocarta, importo, dataPag) values (35, 5007662500681332, calcolaImporto(35),'2022-07-05 00:00:00');
insert into PAGAMENTO (idnoleggio, numerocarta, importo, dataPag) values (36, 5007667048786253, calcolaImporto(36),'2022-03-17 00:00:00');
insert into PAGAMENTO (idnoleggio, numerocarta, importo, dataPag) values (37, 5304589787281074, calcolaImporto(37),'2022-03-04 00:00:00');
insert into PAGAMENTO (idnoleggio, numerocarta, importo, dataPag) values (38, 5458930572907388, calcolaImporto(38),'2022-05-08 00:00:00');
insert into PAGAMENTO (idnoleggio, numerocarta, importo, dataPag) values (39, 5421988384484768, calcolaImporto(39),'2022-05-20 00:00:00');
insert into PAGAMENTO (idnoleggio, numerocarta, importo, dataPag) values (40, 5551772056003086, calcolaImporto(40),'2022-04-16 00:00:00');
insert into PAGAMENTO (idnoleggio, numerocarta, importo, dataPag) values (41, 5258507222909329, calcolaImporto(41),'2022-06-01 00:00:00');
insert into PAGAMENTO (idnoleggio, numerocarta, importo, dataPag) values (42, 5048372283051171, calcolaImporto(42),'2022-07-25 00:00:00');
insert into PAGAMENTO (idnoleggio, numerocarta, importo, dataPag) values (43, 5010121431715672, calcolaImporto(43),'2022-05-16 00:00:00');
insert into PAGAMENTO (idnoleggio, numerocarta, importo, dataPag) values (44, 5447573412573244, calcolaImporto(44),'2022-03-05 00:00:00');
insert into PAGAMENTO (idnoleggio, numerocarta, importo, dataPag) values (45, 5100134379418606, calcolaImporto(45),'2022-05-18 00:00:00');
insert into PAGAMENTO (idnoleggio, numerocarta, importo, dataPag) values (46, 5388760895506988, calcolaImporto(46),'2022-05-03 00:00:00');
insert into PAGAMENTO (idnoleggio, numerocarta, importo, dataPag) values (47, 5002358066865022, calcolaImporto(47),'2022-07-29 00:00:00');
insert into PAGAMENTO (idnoleggio, numerocarta, importo, dataPag) values (48, 5108759894058958, calcolaImporto(48),'2022-07-21 00:00:00');
insert into PAGAMENTO (idnoleggio, numerocarta, importo, dataPag) values (49, 5048371858072844, calcolaImporto(49),'2022-04-08 00:00:00');
insert into PAGAMENTO (idnoleggio, numerocarta, importo, dataPag) values (50, 5253604700192646, calcolaImporto(50),'2022-05-07 00:00:00');
insert into PAGAMENTO (idnoleggio, numerocarta, importo, dataPag) values (51, 5010124612387626, calcolaImporto(51),'2022-05-24 00:00:00');
insert into PAGAMENTO (idnoleggio, numerocarta, importo, dataPag) values (52, 5100140935611253, calcolaImporto(52),'2022-07-15 00:00:00');
insert into PAGAMENTO (idnoleggio, numerocarta, importo, dataPag) values (53, 5253604700192646, calcolaImporto(53),'2022-04-11 00:00:00');
insert into PAGAMENTO (idnoleggio, numerocarta, importo, dataPag) values (54, 5344799588868530, calcolaImporto(54),'2022-05-24 00:00:00');
insert into PAGAMENTO (idnoleggio, numerocarta, importo, dataPag) values (55, 5565881464085959, calcolaImporto(55),'2022-06-04 00:00:00');
insert into PAGAMENTO (idnoleggio, numerocarta, importo, dataPag) values (56, 5430729131373832, calcolaImporto(56),'2022-02-27 00:00:00');
insert into PAGAMENTO (idnoleggio, numerocarta, importo, dataPag) values (57, 5561605187677030, calcolaImporto(57),'2022-03-14 00:00:00');
insert into PAGAMENTO (idnoleggio, numerocarta, importo, dataPag) values (58, 5100145669501596, calcolaImporto(58),'2022-03-12 00:00:00');
insert into PAGAMENTO (idnoleggio, numerocarta, importo, dataPag) values (59, 5002354511419036, calcolaImporto(59),'2022-06-05 00:00:00');
insert into PAGAMENTO (idnoleggio, numerocarta, importo, dataPag) values (60, 5100132905194485, calcolaImporto(60),'2022-03-07 00:00:00');
insert into PAGAMENTO (idnoleggio, numerocarta, importo, dataPag) values (61, 5493667579932475, calcolaImporto(61),'2022-07-15 00:00:00');
insert into PAGAMENTO (idnoleggio, numerocarta, importo, dataPag) values (62, 5349365464023866, calcolaImporto(62),'2022-06-20 00:00:00');
insert into PAGAMENTO (idnoleggio, numerocarta, importo, dataPag) values (63, 5048372283051171, calcolaImporto(63),'2022-07-11 00:00:00');
insert into PAGAMENTO (idnoleggio, numerocarta, importo, dataPag) values (64, 5500920030920220, calcolaImporto(64),'2022-04-21 00:00:00');
insert into PAGAMENTO (idnoleggio, numerocarta, importo, dataPag) values (65, 5100134859024189, calcolaImporto(65),'2022-07-01 00:00:00');
insert into PAGAMENTO (idnoleggio, numerocarta, importo, dataPag) values (66, 5543111053490924, calcolaImporto(66),'2022-03-26 00:00:00');
insert into PAGAMENTO (idnoleggio, numerocarta, importo, dataPag) values (67, 5280172899814591, calcolaImporto(67),'2022-06-13 00:00:00');
insert into PAGAMENTO (idnoleggio, numerocarta, importo, dataPag) values (68, 5100143645077906, calcolaImporto(68),'2022-06-25 00:00:00');
insert into PAGAMENTO (idnoleggio, numerocarta, importo, dataPag) values (69, 5048375077376829, calcolaImporto(69),'2022-07-09 00:00:00');
insert into PAGAMENTO (idnoleggio, numerocarta, importo, dataPag) values (70, 5100139455746119, calcolaImporto(70),'2022-04-27 00:00:00');
insert into PAGAMENTO (idnoleggio, numerocarta, importo, dataPag) values (71, 5002351768428272, calcolaImporto(71),'2022-04-20 00:00:00');
insert into PAGAMENTO (idnoleggio, numerocarta, importo, dataPag) values (72, 5421988384484768, calcolaImporto(72),'2022-03-09 00:00:00');
insert into PAGAMENTO (idnoleggio, numerocarta, importo, dataPag) values (73, 5100132905194485, calcolaImporto(73),'2022-04-05 00:00:00');
insert into PAGAMENTO (idnoleggio, numerocarta, importo, dataPag) values (74, 5048372283051171, calcolaImporto(74),'2022-04-15 00:00:00');
insert into PAGAMENTO (idnoleggio, numerocarta, importo, dataPag) values (75, 5301264004200819, calcolaImporto(75),'2022-05-28 00:00:00');
insert into PAGAMENTO (idnoleggio, numerocarta, importo, dataPag) values (76, 5385865959139981, calcolaImporto(76),'2022-02-12 00:00:00');
insert into PAGAMENTO (idnoleggio, numerocarta, importo, dataPag) values (77, 5007666220932909, calcolaImporto(77),'2022-07-02 00:00:00');
insert into PAGAMENTO (idnoleggio, numerocarta, importo, dataPag) values (78, 5327180327226309, calcolaImporto(78),'2022-03-31 00:00:00');
insert into PAGAMENTO (idnoleggio, numerocarta, importo, dataPag) values (79, 5580866823158465, calcolaImporto(79),'2022-05-28 00:00:00');
insert into PAGAMENTO (idnoleggio, numerocarta, importo, dataPag) values (80, 5007662605230597, calcolaImporto(80),'2022-05-09 00:00:00');
insert into PAGAMENTO (idnoleggio, numerocarta, importo, dataPag) values (81, 5108759894058958, calcolaImporto(81),'2022-05-16 00:00:00');
insert into PAGAMENTO (idnoleggio, numerocarta, importo, dataPag) values (82, 5100175968832681, calcolaImporto(82),'2022-02-10 00:00:00');
insert into PAGAMENTO (idnoleggio, numerocarta, importo, dataPag) values (83, 5100143645077906, calcolaImporto(83),'2022-04-16 00:00:00');
insert into PAGAMENTO (idnoleggio, numerocarta, importo, dataPag) values (84, 5413858388199482, calcolaImporto(84),'2022-03-13 00:00:00');
insert into PAGAMENTO (idnoleggio, numerocarta, importo, dataPag) values (85, 5100148253440478, calcolaImporto(85),'2022-05-21 00:00:00');
insert into PAGAMENTO (idnoleggio, numerocarta, importo, dataPag) values (86, 5304589787281074, calcolaImporto(86),'2022-06-08 00:00:00');
insert into PAGAMENTO (idnoleggio, numerocarta, importo, dataPag) values (87, 5010125478128962, calcolaImporto(87),'2022-05-31 00:00:00');
insert into PAGAMENTO (idnoleggio, numerocarta, importo, dataPag) values (88, 5581584449387959, calcolaImporto(88),'2022-03-29 00:00:00');
insert into PAGAMENTO (idnoleggio, numerocarta, importo, dataPag) values (89, 5048375077376829, calcolaImporto(89),'2022-04-28 00:00:00');
insert into PAGAMENTO (idnoleggio, numerocarta, importo, dataPag) values (90, 5100147808594557, calcolaImporto(90),'2022-02-17 00:00:00');
insert into PAGAMENTO (idnoleggio, numerocarta, importo, dataPag) values (91, 5002350064945716, calcolaImporto(91),'2022-06-13 00:00:00');
insert into PAGAMENTO (idnoleggio, numerocarta, importo, dataPag) values (92, 5239582310306047, calcolaImporto(92),'2022-02-28 00:00:00');
insert into PAGAMENTO (idnoleggio, numerocarta, importo, dataPag) values (93, 5508319359227683, calcolaImporto(93),'2022-02-09 00:00:00');
insert into PAGAMENTO (idnoleggio, numerocarta, importo, dataPag) values (94, 5100176208681391, calcolaImporto(94),'2022-05-05 00:00:00');
insert into PAGAMENTO (idnoleggio, numerocarta, importo, dataPag) values (95, 5239582310306047, calcolaImporto(95),'2022-02-26 00:00:00');
insert into PAGAMENTO (idnoleggio, numerocarta, importo, dataPag) values (96, 5100147427836868, calcolaImporto(96),'2022-02-25 00:00:00');
insert into PAGAMENTO (idnoleggio, numerocarta, importo, dataPag) values (97, 5100130509032424, calcolaImporto(97),'2022-04-16 00:00:00');
insert into PAGAMENTO (idnoleggio, numerocarta, importo, dataPag) values (98, 5280172899814591, calcolaImporto(98),'2022-06-28 00:00:00');
insert into PAGAMENTO (idnoleggio, numerocarta, importo, dataPag) values (99, 5100176756748667, calcolaImporto(99),'2022-04-22 00:00:00');
insert into PAGAMENTO (idnoleggio, numerocarta, importo, dataPag) values (100, 5373855181267175, calcolaImporto(100),'2022-02-23 00:00:00');
insert into PAGAMENTO (idnoleggio, numerocarta, importo, dataPag) values (101, 5423492106724443, calcolaImporto(101),'2022-07-31 00:00:00');
insert into PAGAMENTO (idnoleggio, numerocarta, importo, dataPag) values (102, 5371783180599681, calcolaImporto(102),'2022-07-16 00:00:00');
insert into PAGAMENTO (idnoleggio, numerocarta, importo, dataPag) values (103, 5583297691920439, calcolaImporto(103),'2022-02-16 00:00:00');
insert into PAGAMENTO (idnoleggio, numerocarta, importo, dataPag) values (104, 5108757612517370, calcolaImporto(104),'2022-02-25 00:00:00');
insert into PAGAMENTO (idnoleggio, numerocarta, importo, dataPag) values (105, 5048374883091656, calcolaImporto(105),'2022-05-22 00:00:00');
insert into PAGAMENTO (idnoleggio, numerocarta, importo, dataPag) values (106, 5391389342611798, calcolaImporto(106),'2022-03-24 00:00:00');
insert into PAGAMENTO (idnoleggio, numerocarta, importo, dataPag) values (107, 5010120956243409, calcolaImporto(107),'2022-02-12 00:00:00');
insert into PAGAMENTO (idnoleggio, numerocarta, importo, dataPag) values (108, 5351843489724564, calcolaImporto(108),'2022-06-30 00:00:00');
insert into PAGAMENTO (idnoleggio, numerocarta, importo, dataPag) values (109, 5280172899814591, calcolaImporto(109),'2022-04-30 00:00:00');
insert into PAGAMENTO (idnoleggio, numerocarta, importo, dataPag) values (110, 5493667579932475, calcolaImporto(110),'2022-06-30 00:00:00');
insert into PAGAMENTO (idnoleggio, numerocarta, importo, dataPag) values (111, 5373462405315789, calcolaImporto(111),'2022-07-06 00:00:00');
insert into PAGAMENTO (idnoleggio, numerocarta, importo, dataPag) values (112, 5010122719279662, calcolaImporto(112),'2022-05-03 00:00:00');
insert into PAGAMENTO (idnoleggio, numerocarta, importo, dataPag) values (113, 5007660261603230, calcolaImporto(113),'2022-07-28 00:00:00');
insert into PAGAMENTO (idnoleggio, numerocarta, importo, dataPag) values (114, 5108751199807643, calcolaImporto(114),'2022-02-03 00:00:00');
insert into PAGAMENTO (idnoleggio, numerocarta, importo, dataPag) values (115, 5002357060758878, calcolaImporto(115),'2022-07-05 00:00:00');
insert into PAGAMENTO (idnoleggio, numerocarta, importo, dataPag) values (116, 5254049515607108, calcolaImporto(116),'2022-04-24 00:00:00');
insert into PAGAMENTO (idnoleggio, numerocarta, importo, dataPag) values (117, 5301264004200819, calcolaImporto(117),'2022-05-20 00:00:00');
insert into PAGAMENTO (idnoleggio, numerocarta, importo, dataPag) values (118, 5542033713297534, calcolaImporto(118),'2022-05-29 00:00:00');
insert into PAGAMENTO (idnoleggio, numerocarta, importo, dataPag) values (119, 5100134859024189, calcolaImporto(119),'2022-06-01 00:00:00');
insert into PAGAMENTO (idnoleggio, numerocarta, importo, dataPag) values (120, 5488616037889071, calcolaImporto(120),'2022-02-28 00:00:00');
insert into PAGAMENTO (idnoleggio, numerocarta, importo, dataPag) values (121, 5108751067889327, calcolaImporto(121),'2022-04-07 00:00:00');
insert into PAGAMENTO (idnoleggio, numerocarta, importo, dataPag) values (122, 5579187446640620, calcolaImporto(122),'2022-07-22 00:00:00');
insert into PAGAMENTO (idnoleggio, numerocarta, importo, dataPag) values (123, 5351843489724564, calcolaImporto(123),'2022-06-30 00:00:00');
insert into PAGAMENTO (idnoleggio, numerocarta, importo, dataPag) values (124, 5412435952464989, calcolaImporto(124),'2022-07-06 00:00:00');
insert into PAGAMENTO (idnoleggio, numerocarta, importo, dataPag) values (125, 5010124612387626, calcolaImporto(125),'2022-02-11 00:00:00');
insert into PAGAMENTO (idnoleggio, numerocarta, importo, dataPag) values (126, 5048370682222005, calcolaImporto(126),'2022-07-02 00:00:00');
insert into PAGAMENTO (idnoleggio, numerocarta, importo, dataPag) values (127, 5100148116665022, calcolaImporto(127),'2022-07-27 00:00:00');
insert into PAGAMENTO (idnoleggio, numerocarta, importo, dataPag) values (128, 5010126460382377, calcolaImporto(128),'2022-02-26 00:00:00');
insert into PAGAMENTO (idnoleggio, numerocarta, importo, dataPag) values (129, 5396295224505393, calcolaImporto(129),'2022-07-16 00:00:00');
insert into PAGAMENTO (idnoleggio, numerocarta, importo, dataPag) values (130, 5100139455746119, calcolaImporto(130),'2022-05-04 00:00:00');
insert into PAGAMENTO (idnoleggio, numerocarta, importo, dataPag) values (131, 5385865959139981, calcolaImporto(131),'2022-06-25 00:00:00');
insert into PAGAMENTO (idnoleggio, numerocarta, importo, dataPag) values (132, 5301264004200819, calcolaImporto(132),'2022-06-11 00:00:00');
insert into PAGAMENTO (idnoleggio, numerocarta, importo, dataPag) values (133, 5010126507325140, calcolaImporto(133),'2022-04-26 00:00:00');
insert into PAGAMENTO (idnoleggio, numerocarta, importo, dataPag) values (134, 5100176105318576, calcolaImporto(134),'2022-02-09 00:00:00');
insert into PAGAMENTO (idnoleggio, numerocarta, importo, dataPag) values (135, 5507871340954321, calcolaImporto(135),'2022-05-28 00:00:00');
insert into PAGAMENTO (idnoleggio, numerocarta, importo, dataPag) values (136, 5385865959139981, calcolaImporto(136),'2022-06-07 00:00:00');
insert into PAGAMENTO (idnoleggio, numerocarta, importo, dataPag) values (137, 5581584449387959, calcolaImporto(137),'2022-07-18 00:00:00');
insert into PAGAMENTO (idnoleggio, numerocarta, importo, dataPag) values (138, 5349365464023866, calcolaImporto(138),'2022-04-06 00:00:00');
insert into PAGAMENTO (idnoleggio, numerocarta, importo, dataPag) values (139, 5256400013173291, calcolaImporto(139),'2022-06-23 00:00:00');
insert into PAGAMENTO (idnoleggio, numerocarta, importo, dataPag) values (140, 5579187446640620, calcolaImporto(140),'2022-03-22 00:00:00');
insert into PAGAMENTO (idnoleggio, numerocarta, importo, dataPag) values (141, 5111969346670269, calcolaImporto(141),'2022-04-16 00:00:00');
insert into PAGAMENTO (idnoleggio, numerocarta, importo, dataPag) values (142, 5258507222909329, calcolaImporto(142),'2022-06-01 00:00:00');
insert into PAGAMENTO (idnoleggio, numerocarta, importo, dataPag) values (143, 5100173172293733, calcolaImporto(143),'2022-03-06 00:00:00');
insert into PAGAMENTO (idnoleggio, numerocarta, importo, dataPag) values (144, 5421988384484768, calcolaImporto(144),'2022-02-24 00:00:00');
insert into PAGAMENTO (idnoleggio, numerocarta, importo, dataPag) values (145, 5344799588868530, calcolaImporto(145),'2022-03-06 00:00:00');
insert into PAGAMENTO (idnoleggio, numerocarta, importo, dataPag) values (146, 5048376664295844, calcolaImporto(146),'2022-05-08 00:00:00');
insert into PAGAMENTO (idnoleggio, numerocarta, importo, dataPag) values (147, 5279860723560868, calcolaImporto(147),'2022-04-05 00:00:00');
insert into PAGAMENTO (idnoleggio, numerocarta, importo, dataPag) values (148, 5256400013173291, calcolaImporto(148),'2022-04-09 00:00:00');
insert into PAGAMENTO (idnoleggio, numerocarta, importo, dataPag) values (149, 5010123568107517, calcolaImporto(149),'2022-04-01 00:00:00');
insert into PAGAMENTO (idnoleggio, numerocarta, importo, dataPag) values (150, 5423492106724443, calcolaImporto(150),'2022-04-09 00:00:00');
insert into PAGAMENTO (idnoleggio, numerocarta, importo, dataPag) values (151, 5007660665443944, calcolaImporto(151),'2022-04-30 00:00:00');
insert into PAGAMENTO (idnoleggio, numerocarta, importo, dataPag) values (152, 5299101646620372, calcolaImporto(152),'2022-06-24 00:00:00');
insert into PAGAMENTO (idnoleggio, numerocarta, importo, dataPag) values (153, 5048376787870432, calcolaImporto(153),'2022-05-30 00:00:00');
insert into PAGAMENTO (idnoleggio, numerocarta, importo, dataPag) values (154, 5100146795524155, calcolaImporto(154),'2022-07-22 00:00:00');
insert into PAGAMENTO (idnoleggio, numerocarta, importo, dataPag) values (155, 5100173452485850, calcolaImporto(155),'2022-04-21 00:00:00');
insert into PAGAMENTO (idnoleggio, numerocarta, importo, dataPag) values (156, 5010122719279662, calcolaImporto(156),'2022-05-28 00:00:00');
insert into PAGAMENTO (idnoleggio, numerocarta, importo, dataPag) values (157, 5108759894058958, calcolaImporto(157),'2022-05-15 00:00:00');
insert into PAGAMENTO (idnoleggio, numerocarta, importo, dataPag) values (158, 5108757612517370, calcolaImporto(158),'2022-03-06 00:00:00');
insert into PAGAMENTO (idnoleggio, numerocarta, importo, dataPag) values (159, 5526304307591701, calcolaImporto(159),'2022-04-24 00:00:00');
insert into PAGAMENTO (idnoleggio, numerocarta, importo, dataPag) values (160, 5258507222909329, calcolaImporto(160),'2022-02-15 00:00:00');
insert into PAGAMENTO (idnoleggio, numerocarta, importo, dataPag) values (161, 5100133896863872, calcolaImporto(161),'2022-06-17 00:00:00');
insert into PAGAMENTO (idnoleggio, numerocarta, importo, dataPag) values (162, 5203182166035618, calcolaImporto(162),'2022-06-09 00:00:00');
insert into PAGAMENTO (idnoleggio, numerocarta, importo, dataPag) values (163, 5007664983738621, calcolaImporto(163),'2022-06-07 00:00:00');
insert into PAGAMENTO (idnoleggio, numerocarta, importo, dataPag) values (164, 5048376664295844, calcolaImporto(164),'2022-03-14 00:00:00');
insert into PAGAMENTO (idnoleggio, numerocarta, importo, dataPag) values (165, 5010125478128962, calcolaImporto(165),'2022-03-03 00:00:00');
insert into PAGAMENTO (idnoleggio, numerocarta, importo, dataPag) values (166, 5430729131373832, calcolaImporto(166),'2022-06-11 00:00:00');
insert into PAGAMENTO (idnoleggio, numerocarta, importo, dataPag) values (167, 5048375077376829, calcolaImporto(167),'2022-02-04 00:00:00');
insert into PAGAMENTO (idnoleggio, numerocarta, importo, dataPag) values (168, 5224197011148262, calcolaImporto(168),'2022-04-08 00:00:00');
insert into PAGAMENTO (idnoleggio, numerocarta, importo, dataPag) values (169, 5100137956693707, calcolaImporto(169),'2022-02-05 00:00:00');
insert into PAGAMENTO (idnoleggio, numerocarta, importo, dataPag) values (170, 5002351768428272, calcolaImporto(170),'2022-02-11 00:00:00');
insert into PAGAMENTO (idnoleggio, numerocarta, importo, dataPag) values (171, 5253604700192646, calcolaImporto(171),'2022-06-10 00:00:00');
insert into PAGAMENTO (idnoleggio, numerocarta, importo, dataPag) values (172, 5543111053490924, calcolaImporto(172),'2022-02-08 00:00:00');
insert into PAGAMENTO (idnoleggio, numerocarta, importo, dataPag) values (173, 5412435952464989, calcolaImporto(173),'2022-07-19 00:00:00');
insert into PAGAMENTO (idnoleggio, numerocarta, importo, dataPag) values (174, 5579187446640620, calcolaImporto(174),'2022-05-13 00:00:00');
insert into PAGAMENTO (idnoleggio, numerocarta, importo, dataPag) values (175, 5507871340954321, calcolaImporto(175),'2022-04-09 00:00:00');
insert into PAGAMENTO (idnoleggio, numerocarta, importo, dataPag) values (176, 5305039371611657, calcolaImporto(176),'2022-02-13 00:00:00');
insert into PAGAMENTO (idnoleggio, numerocarta, importo, dataPag) values (177, 5100130509032424, calcolaImporto(177),'2022-02-05 00:00:00');
insert into PAGAMENTO (idnoleggio, numerocarta, importo, dataPag) values (178, 5571991997537020, calcolaImporto(178),'2022-03-28 00:00:00');
insert into PAGAMENTO (idnoleggio, numerocarta, importo, dataPag) values (179, 5357089205050470, calcolaImporto(179),'2022-03-01 00:00:00');
insert into PAGAMENTO (idnoleggio, numerocarta, importo, dataPag) values (180, 5010123188958109, calcolaImporto(180),'2022-07-19 00:00:00');
insert into PAGAMENTO (idnoleggio, numerocarta, importo, dataPag) values (181, 5002355735964285, calcolaImporto(181),'2022-05-09 00:00:00');
insert into PAGAMENTO (idnoleggio, numerocarta, importo, dataPag) values (182, 5299101646620372, calcolaImporto(182),'2022-03-24 00:00:00');
insert into PAGAMENTO (idnoleggio, numerocarta, importo, dataPag) values (183, 5048371697221172, calcolaImporto(183),'2022-07-30 00:00:00');
insert into PAGAMENTO (idnoleggio, numerocarta, importo, dataPag) values (184, 5100176208681391, calcolaImporto(184),'2022-04-27 00:00:00');
insert into PAGAMENTO (idnoleggio, numerocarta, importo, dataPag) values (185, 5305039371611657, calcolaImporto(185),'2022-04-17 00:00:00');
insert into PAGAMENTO (idnoleggio, numerocarta, importo, dataPag) values (186, 5100140052609189, calcolaImporto(186),'2022-05-11 00:00:00');
insert into PAGAMENTO (idnoleggio, numerocarta, importo, dataPag) values (187, 5007660261603230, calcolaImporto(187),'2022-04-02 00:00:00');
insert into PAGAMENTO (idnoleggio, numerocarta, importo, dataPag) values (188, 5100139745616544, calcolaImporto(188),'2022-03-08 00:00:00');
insert into PAGAMENTO (idnoleggio, numerocarta, importo, dataPag) values (189, 5458918427373583, calcolaImporto(189),'2022-04-07 00:00:00');
insert into PAGAMENTO (idnoleggio, numerocarta, importo, dataPag) values (190, 5430729131373832, calcolaImporto(190),'2022-03-04 00:00:00');
insert into PAGAMENTO (idnoleggio, numerocarta, importo, dataPag) values (191, 5217598900713513, calcolaImporto(191),'2022-05-11 00:00:00');
insert into PAGAMENTO (idnoleggio, numerocarta, importo, dataPag) values (192, 5224197011148262, calcolaImporto(192),'2022-03-15 00:00:00');
insert into PAGAMENTO (idnoleggio, numerocarta, importo, dataPag) values (193, 5100130094532689, calcolaImporto(193),'2022-02-23 00:00:00');
insert into PAGAMENTO (idnoleggio, numerocarta, importo, dataPag) values (194, 5580866823158465, calcolaImporto(194),'2022-03-26 00:00:00');
insert into PAGAMENTO (idnoleggio, numerocarta, importo, dataPag) values (195, 5373855181267175, calcolaImporto(195),'2022-05-20 00:00:00');
insert into PAGAMENTO (idnoleggio, numerocarta, importo, dataPag) values (196, 5254049515607108, calcolaImporto(196),'2022-04-12 00:00:00');
insert into PAGAMENTO (idnoleggio, numerocarta, importo, dataPag) values (197, 5322612397215817, calcolaImporto(197),'2022-07-30 00:00:00');
insert into PAGAMENTO (idnoleggio, numerocarta, importo, dataPag) values (198, 5371783180599681, calcolaImporto(198),'2022-03-23 00:00:00');
insert into PAGAMENTO (idnoleggio, numerocarta, importo, dataPag) values (199, 5430729131373832, calcolaImporto(199),'2022-03-23 00:00:00');
insert into PAGAMENTO (idnoleggio, numerocarta, importo, dataPag) values (200, 5363747563629993, calcolaImporto(200),'2022-02-23 00:00:00');
insert into PAGAMENTO (idnoleggio, numerocarta, importo, dataPag) values (201, 5007662814429469, calcolaImporto(201),'2022-07-31 00:00:00');
insert into PAGAMENTO (idnoleggio, numerocarta, importo, dataPag) values (202, 5357933804135036, calcolaImporto(202),'2022-07-16 00:00:00');
insert into PAGAMENTO (idnoleggio, numerocarta, importo, dataPag) values (203, 5444008293722688, calcolaImporto(203),'2022-02-16 00:00:00');
insert into PAGAMENTO (idnoleggio, numerocarta, importo, dataPag) values (204, 5048375347129511, calcolaImporto(204),'2022-02-25 00:00:00');
insert into PAGAMENTO (idnoleggio, numerocarta, importo, dataPag) values (205, 5010126460382377, calcolaImporto(205),'2022-05-22 00:00:00');
insert into PAGAMENTO (idnoleggio, numerocarta, importo, dataPag) values (206, 5526304307591701, calcolaImporto(206),'2022-03-24 00:00:00');
insert into PAGAMENTO (idnoleggio, numerocarta, importo, dataPag) values (207, 5211036210479323, calcolaImporto(207),'2022-02-12 00:00:00');
insert into PAGAMENTO (idnoleggio, numerocarta, importo, dataPag) values (208, 5048377938833626, calcolaImporto(208),'2022-06-30 00:00:00');
insert into PAGAMENTO (idnoleggio, numerocarta, importo, dataPag) values (209, 5100176105318576, calcolaImporto(209),'2022-04-30 00:00:00');
insert into PAGAMENTO (idnoleggio, numerocarta, importo, dataPag) values (210, 5551772056003086, calcolaImporto(210),'2022-06-30 00:00:00');
insert into PAGAMENTO (idnoleggio, numerocarta, importo, dataPag) values (211, 5100176208681391, calcolaImporto(211),'2022-07-06 00:00:00');
insert into PAGAMENTO (idnoleggio, numerocarta, importo, dataPag) values (212, 5488616037889071, calcolaImporto(212),'2022-05-03 00:00:00');
insert into PAGAMENTO (idnoleggio, numerocarta, importo, dataPag) values (213, 5388760895506988, calcolaImporto(213),'2022-07-28 00:00:00');
insert into PAGAMENTO (idnoleggio, numerocarta, importo, dataPag) values (214, 5447573412573244, calcolaImporto(214),'2022-02-03 00:00:00');
insert into PAGAMENTO (idnoleggio, numerocarta, importo, dataPag) values (215, 5574944916731924, calcolaImporto(215),'2022-07-05 00:00:00');
insert into PAGAMENTO (idnoleggio, numerocarta, importo, dataPag) values (216, 5542033713297534, calcolaImporto(216),'2022-04-24 00:00:00');
insert into PAGAMENTO (idnoleggio, numerocarta, importo, dataPag) values (217, 5259990785156869, calcolaImporto(217),'2022-05-20 00:00:00');
insert into PAGAMENTO (idnoleggio, numerocarta, importo, dataPag) values (218, 5048376500335374, calcolaImporto(218),'2022-05-29 00:00:00');
insert into PAGAMENTO (idnoleggio, numerocarta, importo, dataPag) values (219, 5111969346670269, calcolaImporto(219),'2022-06-01 00:00:00');
insert into PAGAMENTO (idnoleggio, numerocarta, importo, dataPag) values (220, 5265035437784460, calcolaImporto(220),'2022-02-28 00:00:00');
insert into PAGAMENTO (idnoleggio, numerocarta, importo, dataPag) values (221, 5320262381348836, calcolaImporto(221),'2022-04-07 00:00:00');
insert into PAGAMENTO (idnoleggio, numerocarta, importo, dataPag) values (222, 5458918427373583, calcolaImporto(222),'2022-07-22 00:00:00');
insert into PAGAMENTO (idnoleggio, numerocarta, importo, dataPag) values (223, 5200460204811189, calcolaImporto(223),'2022-06-30 00:00:00');
insert into PAGAMENTO (idnoleggio, numerocarta, importo, dataPag) values (224, 5488616037889071, calcolaImporto(224),'2022-07-06 00:00:00');
insert into PAGAMENTO (idnoleggio, numerocarta, importo, dataPag) values (225, 5100137956693707, calcolaImporto(225),'2022-02-11 00:00:00');
insert into PAGAMENTO (idnoleggio, numerocarta, importo, dataPag) values (226, 5100149833113452, calcolaImporto(226),'2022-07-02 00:00:00');
insert into PAGAMENTO (idnoleggio, numerocarta, importo, dataPag) values (227, 5100148253440478, calcolaImporto(227),'2022-07-27 00:00:00');
insert into PAGAMENTO (idnoleggio, numerocarta, importo, dataPag) values (228, 5002354370264697, calcolaImporto(228),'2022-02-26 00:00:00');
insert into PAGAMENTO (idnoleggio, numerocarta, importo, dataPag) values (229, 5010123568107517, calcolaImporto(229),'2022-07-16 00:00:00');
insert into PAGAMENTO (idnoleggio, numerocarta, importo, dataPag) values (230, 5100178892926017, calcolaImporto(230),'2022-05-04 00:00:00');
insert into PAGAMENTO (idnoleggio, numerocarta, importo, dataPag) values (231, 5010120956243409, calcolaImporto(231),'2022-06-25 00:00:00');
insert into PAGAMENTO (idnoleggio, numerocarta, importo, dataPag) values (232, 5100140336977667, calcolaImporto(232),'2022-06-11 00:00:00');
insert into PAGAMENTO (idnoleggio, numerocarta, importo, dataPag) values (233, 5007663704387585, calcolaImporto(233),'2022-04-26 00:00:00');
insert into PAGAMENTO (idnoleggio, numerocarta, importo, dataPag) values (234, 5100173172293733, calcolaImporto(234),'2022-02-09 00:00:00');
insert into PAGAMENTO (idnoleggio, numerocarta, importo, dataPag) values (235, 5574944916731924, calcolaImporto(235),'2022-05-28 00:00:00');
insert into PAGAMENTO (idnoleggio, numerocarta, importo, dataPag) values (236, 5100143335290009, calcolaImporto(236),'2022-06-07 00:00:00');
insert into PAGAMENTO (idnoleggio, numerocarta, importo, dataPag) values (237, 5280172899814591, calcolaImporto(237),'2022-07-18 00:00:00');
insert into PAGAMENTO (idnoleggio, numerocarta, importo, dataPag) values (238, 5100146795524155, calcolaImporto(238),'2022-04-06 00:00:00');
insert into PAGAMENTO (idnoleggio, numerocarta, importo, dataPag) values (239, 5100143645077906, calcolaImporto(239),'2022-06-23 00:00:00');
insert into PAGAMENTO (idnoleggio, numerocarta, importo, dataPag) values (240, 5048375077376829, calcolaImporto(240),'2022-03-22 00:00:00');
insert into PAGAMENTO (idnoleggio, numerocarta, importo, dataPag) values (241, 5010125575830429, calcolaImporto(241),'2022-04-16 00:00:00');
insert into PAGAMENTO (idnoleggio, numerocarta, importo, dataPag) values (242, 5100176056940600, calcolaImporto(242),'2022-06-01 00:00:00');
insert into PAGAMENTO (idnoleggio, numerocarta, importo, dataPag) values (243, 5111969346670269, calcolaImporto(243),'2022-03-06 00:00:00');
insert into PAGAMENTO (idnoleggio, numerocarta, importo, dataPag) values (244, 5280172899814591, calcolaImporto(244),'2022-02-24 00:00:00');
insert into PAGAMENTO (idnoleggio, numerocarta, importo, dataPag) values (245, 5048376787870432, calcolaImporto(245),'2022-03-06 00:00:00');
insert into PAGAMENTO (idnoleggio, numerocarta, importo, dataPag) values (246, 5100139455746119, calcolaImporto(246),'2022-05-08 00:00:00');
insert into PAGAMENTO (idnoleggio, numerocarta, importo, dataPag) values (247, 5100176208681391, calcolaImporto(247),'2022-04-05 00:00:00');
insert into PAGAMENTO (idnoleggio, numerocarta, importo, dataPag) values (248, 5100137956693707, calcolaImporto(248),'2022-04-09 00:00:00');
insert into PAGAMENTO (idnoleggio, numerocarta, importo, dataPag) values (249, 5010123188958109, calcolaImporto(249),'2022-04-01 00:00:00');
insert into PAGAMENTO (idnoleggio, numerocarta, importo, dataPag) values (250, 5048374126183492, calcolaImporto(250),'2022-04-09 00:00:00');
insert into PAGAMENTO (idnoleggio, numerocarta, importo, dataPag) values (251, 5279860723560868, calcolaImporto(251),'2022-04-30 00:00:00');
insert into PAGAMENTO (idnoleggio, numerocarta, importo, dataPag) values (252, 5048377938833626, calcolaImporto(252),'2022-06-24 00:00:00');
insert into PAGAMENTO (idnoleggio, numerocarta, importo, dataPag) values (253, 5217598900713513, calcolaImporto(253),'2022-05-30 00:00:00');
insert into PAGAMENTO (idnoleggio, numerocarta, importo, dataPag) values (254, 5423492106724443, calcolaImporto(254),'2022-07-22 00:00:00');
insert into PAGAMENTO (idnoleggio, numerocarta, importo, dataPag) values (255, 5305039371611657, calcolaImporto(255),'2022-04-21 00:00:00');
insert into PAGAMENTO (idnoleggio, numerocarta, importo, dataPag) values (256, 5007664983738621, calcolaImporto(256),'2022-05-28 00:00:00');
insert into PAGAMENTO (idnoleggio, numerocarta, importo, dataPag) values (257, 5371783180599681, calcolaImporto(257),'2022-05-15 00:00:00');
insert into PAGAMENTO (idnoleggio, numerocarta, importo, dataPag) values (258, 5002351768428272, calcolaImporto(258),'2022-03-06 00:00:00');
insert into PAGAMENTO (idnoleggio, numerocarta, importo, dataPag) values (259, 5048374883091656, calcolaImporto(259),'2022-04-24 00:00:00');
insert into PAGAMENTO (idnoleggio, numerocarta, importo, dataPag) values (260, 5010120810105174, calcolaImporto(260),'2022-02-15 00:00:00');
insert into PAGAMENTO (idnoleggio, numerocarta, importo, dataPag) values (261, 5322612397215817, calcolaImporto(261),'2022-06-17 00:00:00');
insert into PAGAMENTO (idnoleggio, numerocarta, importo, dataPag) values (262, 5002351768428272, calcolaImporto(262),'2022-06-09 00:00:00');
insert into PAGAMENTO (idnoleggio, numerocarta, importo, dataPag) values (263, 5108751484856818, calcolaImporto(263),'2022-06-07 00:00:00');
insert into PAGAMENTO (idnoleggio, numerocarta, importo, dataPag) values (264, 5391389342611798, calcolaImporto(264),'2022-03-14 00:00:00');
insert into PAGAMENTO (idnoleggio, numerocarta, importo, dataPag) values (265, 5493667579932475, calcolaImporto(265),'2022-03-03 00:00:00');
insert into PAGAMENTO (idnoleggio, numerocarta, importo, dataPag) values (266, 5413858388199482, calcolaImporto(266),'2022-06-11 00:00:00');
insert into PAGAMENTO (idnoleggio, numerocarta, importo, dataPag) values (267, 5326912572543405, calcolaImporto(267),'2022-02-04 00:00:00');
insert into PAGAMENTO (idnoleggio, numerocarta, importo, dataPag) values (268, 5100130509032424, calcolaImporto(268),'2022-04-08 00:00:00');
insert into PAGAMENTO (idnoleggio, numerocarta, importo, dataPag) values (269, 5179627094914904, calcolaImporto(269),'2022-02-05 00:00:00');
insert into PAGAMENTO (idnoleggio, numerocarta, importo, dataPag) values (270, 5007664983738621, calcolaImporto(270),'2022-02-11 00:00:00');
insert into PAGAMENTO (idnoleggio, numerocarta, importo, dataPag) values (271, 5010125575830429, calcolaImporto(271),'2022-06-10 00:00:00');
insert into PAGAMENTO (idnoleggio, numerocarta, importo, dataPag) values (272, 5551772056003086, calcolaImporto(272),'2022-02-08 00:00:00');
insert into PAGAMENTO (idnoleggio, numerocarta, importo, dataPag) values (273, 5488616037889071, calcolaImporto(273),'2022-07-19 00:00:00');
insert into PAGAMENTO (idnoleggio, numerocarta, importo, dataPag) values (274, 5108758481514621, calcolaImporto(274),'2022-05-13 00:00:00');
insert into PAGAMENTO (idnoleggio, numerocarta, importo, dataPag) values (275, 5565881464085959, calcolaImporto(275),'2022-04-09 00:00:00');
insert into PAGAMENTO (idnoleggio, numerocarta, importo, dataPag) values (276, 5100144337542314, calcolaImporto(276),'2022-02-13 00:00:00');
insert into PAGAMENTO (idnoleggio, numerocarta, importo, dataPag) values (277, 5100176356406476, calcolaImporto(277),'2022-02-05 00:00:00');
insert into PAGAMENTO (idnoleggio, numerocarta, importo, dataPag) values (278, 5100170334762431, calcolaImporto(278),'2022-03-28 00:00:00');
insert into PAGAMENTO (idnoleggio, numerocarta, importo, dataPag) values (279, 5351843489724564, calcolaImporto(279),'2022-03-01 00:00:00');
insert into PAGAMENTO (idnoleggio, numerocarta, importo, dataPag) values (280, 5100143889468803, calcolaImporto(280),'2022-07-19 00:00:00');
insert into PAGAMENTO (idnoleggio, numerocarta, importo, dataPag) values (281, 5048376664295844, calcolaImporto(281),'2022-05-09 00:00:00');
insert into PAGAMENTO (idnoleggio, numerocarta, importo, dataPag) values (282, 5048374126183492, calcolaImporto(282),'2022-03-24 00:00:00');
insert into PAGAMENTO (idnoleggio, numerocarta, importo, dataPag) values (283, 5048375077376829, calcolaImporto(283),'2022-07-30 00:00:00');
insert into PAGAMENTO (idnoleggio, numerocarta, importo, dataPag) values (284, 5007667085723342, calcolaImporto(284),'2022-04-27 00:00:00');
insert into PAGAMENTO (idnoleggio, numerocarta, importo, dataPag) values (285, 5265035437784460, calcolaImporto(285),'2022-04-17 00:00:00');
insert into PAGAMENTO (idnoleggio, numerocarta, importo, dataPag) values (286, 5002353846138451, calcolaImporto(286),'2022-05-11 00:00:00');
insert into PAGAMENTO (idnoleggio, numerocarta, importo, dataPag) values (287, 5048376500335374, calcolaImporto(287),'2022-04-02 00:00:00');
insert into PAGAMENTO (idnoleggio, numerocarta, importo, dataPag) values (288, 5100133896863872, calcolaImporto(288),'2022-03-08 00:00:00');
insert into PAGAMENTO (idnoleggio, numerocarta, importo, dataPag) values (289, 5048374126183492, calcolaImporto(289),'2022-04-07 00:00:00');
insert into PAGAMENTO (idnoleggio, numerocarta, importo, dataPag) values (290, 5100139745616544, calcolaImporto(290),'2022-03-04 00:00:00');
insert into PAGAMENTO (idnoleggio, numerocarta, importo, dataPag) values (291, 5493667579932475, calcolaImporto(291),'2022-05-11 00:00:00');
insert into PAGAMENTO (idnoleggio, numerocarta, importo, dataPag) values (292, 5002354370264697, calcolaImporto(292),'2022-03-15 00:00:00');
insert into PAGAMENTO (idnoleggio, numerocarta, importo, dataPag) values (293, 5508319359227683, calcolaImporto(293),'2022-02-23 00:00:00');
insert into PAGAMENTO (idnoleggio, numerocarta, importo, dataPag) values (294, 5551772056003086, calcolaImporto(294),'2022-03-26 00:00:00');
insert into PAGAMENTO (idnoleggio, numerocarta, importo, dataPag) values (295, 5224197011148262, calcolaImporto(295),'2022-05-20 00:00:00');
insert into PAGAMENTO (idnoleggio, numerocarta, importo, dataPag) values (296, 5100148598638935, calcolaImporto(296),'2022-04-12 00:00:00');
insert into PAGAMENTO (idnoleggio, numerocarta, importo, dataPag) values (297, 5002359854471874, calcolaImporto(297),'2022-07-30 00:00:00');
insert into PAGAMENTO (idnoleggio, numerocarta, importo, dataPag) values (298, 5551772056003086, calcolaImporto(298),'2022-03-23 00:00:00');
insert into PAGAMENTO (idnoleggio, numerocarta, importo, dataPag) values (299, 5304589787281074, calcolaImporto(299),'2022-03-23 00:00:00');
insert into PAGAMENTO (idnoleggio, numerocarta, importo, dataPag) values (300, 5002359998715624, calcolaImporto(300),'2022-02-23 00:00:00');
insert into PAGAMENTO (idnoleggio, numerocarta, importo, dataPag) values (301, 5100130541142298, calcolaImporto(301),'2022-07-31 00:00:00');
insert into PAGAMENTO (idnoleggio, numerocarta, importo, dataPag) values (302, 5010124969339493, calcolaImporto(302),'2022-07-16 00:00:00');
insert into PAGAMENTO (idnoleggio, numerocarta, importo, dataPag) values (303, 5526304307591701, calcolaImporto(303),'2022-02-16 00:00:00');
insert into PAGAMENTO (idnoleggio, numerocarta, importo, dataPag) values (304, 5418985106912725, calcolaImporto(304),'2022-02-25 00:00:00');
insert into PAGAMENTO (idnoleggio, numerocarta, importo, dataPag) values (305, 5007660261603230, calcolaImporto(305),'2022-05-22 00:00:00');
insert into PAGAMENTO (idnoleggio, numerocarta, importo, dataPag) values (306, 5508319359227683, calcolaImporto(306),'2022-03-24 00:00:00');
insert into PAGAMENTO (idnoleggio, numerocarta, importo, dataPag) values (307, 5354488798205165, calcolaImporto(307),'2022-02-12 00:00:00');
insert into PAGAMENTO (idnoleggio, numerocarta, importo, dataPag) values (308, 5500920030920220, calcolaImporto(308),'2022-06-30 00:00:00');
insert into PAGAMENTO (idnoleggio, numerocarta, importo, dataPag) values (309, 5048375347129511, calcolaImporto(309),'2022-04-30 00:00:00');
insert into PAGAMENTO (idnoleggio, numerocarta, importo, dataPag) values (310, 5002358066865022, calcolaImporto(310),'2022-06-30 00:00:00');
insert into PAGAMENTO (idnoleggio, numerocarta, importo, dataPag) values (311, 5048376664295844, calcolaImporto(311),'2022-07-06 00:00:00');
insert into PAGAMENTO (idnoleggio, numerocarta, importo, dataPag) values (312, 5048371858072844, calcolaImporto(312),'2022-05-03 00:00:00');
insert into PAGAMENTO (idnoleggio, numerocarta, importo, dataPag) values (313, 5100143645077906, calcolaImporto(313),'2022-07-28 00:00:00');
insert into PAGAMENTO (idnoleggio, numerocarta, importo, dataPag) values (314, 5100134379418606, calcolaImporto(314),'2022-02-03 00:00:00');
insert into PAGAMENTO (idnoleggio, numerocarta, importo, dataPag) values (315, 5100143645077906, calcolaImporto(315),'2022-07-05 00:00:00');
insert into PAGAMENTO (idnoleggio, numerocarta, importo, dataPag) values (316, 5002354236265755, calcolaImporto(316),'2022-04-24 00:00:00');
insert into PAGAMENTO (idnoleggio, numerocarta, importo, dataPag) values (317, 5421988384484768, calcolaImporto(317),'2022-05-20 00:00:00');
insert into PAGAMENTO (idnoleggio, numerocarta, importo, dataPag) values (318, 5503844855134500, calcolaImporto(318),'2022-05-29 00:00:00');
insert into PAGAMENTO (idnoleggio, numerocarta, importo, dataPag) values (319, 5002353846138451, calcolaImporto(319),'2022-06-01 00:00:00');
insert into PAGAMENTO (idnoleggio, numerocarta, importo, dataPag) values (320, 5010120102371898, calcolaImporto(320),'2022-02-28 00:00:00');
insert into PAGAMENTO (idnoleggio, numerocarta, importo, dataPag) values (321, 5100176356406476, calcolaImporto(321),'2022-04-07 00:00:00');
insert into PAGAMENTO (idnoleggio, numerocarta, importo, dataPag) values (322, 5007664983738621, calcolaImporto(322),'2022-07-22 00:00:00');
insert into PAGAMENTO (idnoleggio, numerocarta, importo, dataPag) values (323, 5261051337560177, calcolaImporto(323),'2022-06-30 00:00:00');
insert into PAGAMENTO (idnoleggio, numerocarta, importo, dataPag) values (324, 5565881464085959, calcolaImporto(324),'2022-07-06 00:00:00');
insert into PAGAMENTO (idnoleggio, numerocarta, importo, dataPag) values (325, 5048374126183492, calcolaImporto(325),'2022-02-11 00:00:00');
insert into PAGAMENTO (idnoleggio, numerocarta, importo, dataPag) values (326, 5100174766885942, calcolaImporto(326),'2022-07-02 00:00:00');
insert into PAGAMENTO (idnoleggio, numerocarta, importo, dataPag) values (327, 5010124612387626, calcolaImporto(327),'2022-07-27 00:00:00');
insert into PAGAMENTO (idnoleggio, numerocarta, importo, dataPag) values (328, 5444008293722688, calcolaImporto(328),'2022-02-26 00:00:00');
insert into PAGAMENTO (idnoleggio, numerocarta, importo, dataPag) values (329, 5211036210479323, calcolaImporto(329),'2022-07-16 00:00:00');
insert into PAGAMENTO (idnoleggio, numerocarta, importo, dataPag) values (330, 5200460204811189, calcolaImporto(330),'2022-05-04 00:00:00');
insert into PAGAMENTO (idnoleggio, numerocarta, importo, dataPag) values (331, 5108758481514621, calcolaImporto(331),'2022-06-25 00:00:00');
insert into PAGAMENTO (idnoleggio, numerocarta, importo, dataPag) values (332, 5100148598638935, calcolaImporto(332),'2022-06-11 00:00:00');
insert into PAGAMENTO (idnoleggio, numerocarta, importo, dataPag) values (333, 5100176056940600, calcolaImporto(333),'2022-04-26 00:00:00');
insert into PAGAMENTO (idnoleggio, numerocarta, importo, dataPag) values (334, 5100133896863872, calcolaImporto(334),'2022-02-09 00:00:00');
insert into PAGAMENTO (idnoleggio, numerocarta, importo, dataPag) values (335, 5203182166035618, calcolaImporto(335),'2022-05-28 00:00:00');
insert into PAGAMENTO (idnoleggio, numerocarta, importo, dataPag) values (336, 5010123568107517, calcolaImporto(336),'2022-06-07 00:00:00');
insert into PAGAMENTO (idnoleggio, numerocarta, importo, dataPag) values (337, 5100139942806492, calcolaImporto(337),'2022-07-18 00:00:00');
insert into PAGAMENTO (idnoleggio, numerocarta, importo, dataPag) values (338, 5100130103537091, calcolaImporto(338),'2022-04-06 00:00:00');
insert into PAGAMENTO (idnoleggio, numerocarta, importo, dataPag) values (339, 5108751484856818, calcolaImporto(339),'2022-06-23 00:00:00');
insert into PAGAMENTO (idnoleggio, numerocarta, importo, dataPag) values (340, 5320262381348836, calcolaImporto(340),'2022-03-22 00:00:00');
insert into PAGAMENTO (idnoleggio, numerocarta, importo, dataPag) values (341, 5048375639746568, calcolaImporto(341),'2022-04-16 00:00:00');
insert into PAGAMENTO (idnoleggio, numerocarta, importo, dataPag) values (342, 5048377938833626, calcolaImporto(342),'2022-06-01 00:00:00');
insert into PAGAMENTO (idnoleggio, numerocarta, importo, dataPag) values (343, 5010121235220853, calcolaImporto(343),'2022-03-06 00:00:00');
insert into PAGAMENTO (idnoleggio, numerocarta, importo, dataPag) values (344, 5320262381348836, calcolaImporto(344),'2022-02-24 00:00:00');
insert into PAGAMENTO (idnoleggio, numerocarta, importo, dataPag) values (345, 5010125478128962, calcolaImporto(345),'2022-03-06 00:00:00');
insert into PAGAMENTO (idnoleggio, numerocarta, importo, dataPag) values (346, 5488616037889071, calcolaImporto(346),'2022-05-08 00:00:00');
insert into PAGAMENTO (idnoleggio, numerocarta, importo, dataPag) values (347, 5002351768428272, calcolaImporto(347),'2022-04-05 00:00:00');
insert into PAGAMENTO (idnoleggio, numerocarta, importo, dataPag) values (348, 5002355735964285, calcolaImporto(348),'2022-04-09 00:00:00');
insert into PAGAMENTO (idnoleggio, numerocarta, importo, dataPag) values (349, 5007662500681332, calcolaImporto(349),'2022-04-01 00:00:00');
insert into PAGAMENTO (idnoleggio, numerocarta, importo, dataPag) values (350, 5357933804135036, calcolaImporto(350),'2022-04-09 00:00:00');
insert into PAGAMENTO (idnoleggio, numerocarta, importo, dataPag) values (351, 5048375077376829, calcolaImporto(351),'2022-04-30 00:00:00');
insert into PAGAMENTO (idnoleggio, numerocarta, importo, dataPag) values (352, 5100171195570947, calcolaImporto(352),'2022-06-24 00:00:00');
insert into PAGAMENTO (idnoleggio, numerocarta, importo, dataPag) values (353, 5326912572543405, calcolaImporto(353),'2022-05-30 00:00:00');
insert into PAGAMENTO (idnoleggio, numerocarta, importo, dataPag) values (354, 5002354370264697, calcolaImporto(354),'2022-07-22 00:00:00');
insert into PAGAMENTO (idnoleggio, numerocarta, importo, dataPag) values (355, 5048372423468509, calcolaImporto(355),'2022-04-21 00:00:00');
insert into PAGAMENTO (idnoleggio, numerocarta, importo, dataPag) values (356, 5100147427836868, calcolaImporto(356),'2022-05-28 00:00:00');
insert into PAGAMENTO (idnoleggio, numerocarta, importo, dataPag) values (357, 5100134859024189, calcolaImporto(357),'2022-05-15 00:00:00');
insert into PAGAMENTO (idnoleggio, numerocarta, importo, dataPag) values (358, 5002359998715624, calcolaImporto(358),'2022-03-06 00:00:00');
insert into PAGAMENTO (idnoleggio, numerocarta, importo, dataPag) values (359, 5100146795524155, calcolaImporto(359),'2022-04-24 00:00:00');
insert into PAGAMENTO (idnoleggio, numerocarta, importo, dataPag) values (360, 5421922318314726, calcolaImporto(360),'2022-02-15 00:00:00');
insert into PAGAMENTO (idnoleggio, numerocarta, importo, dataPag) values (361, 5100140052609189, calcolaImporto(361),'2022-06-17 00:00:00');
insert into PAGAMENTO (idnoleggio, numerocarta, importo, dataPag) values (362, 5580866823158465, calcolaImporto(362),'2022-06-09 00:00:00');
insert into PAGAMENTO (idnoleggio, numerocarta, importo, dataPag) values (363, 5007662500681332, calcolaImporto(363),'2022-06-07 00:00:00');
insert into PAGAMENTO (idnoleggio, numerocarta, importo, dataPag) values (364, 5007664983738621, calcolaImporto(364),'2022-03-14 00:00:00');
insert into PAGAMENTO (idnoleggio, numerocarta, importo, dataPag) values (365, 5372323412136611, calcolaImporto(365),'2022-03-03 00:00:00');
insert into PAGAMENTO (idnoleggio, numerocarta, importo, dataPag) values (366, 5100134859024189, calcolaImporto(366),'2022-06-11 00:00:00');
insert into PAGAMENTO (idnoleggio, numerocarta, importo, dataPag) values (367, 5372323412136611, calcolaImporto(367),'2022-02-04 00:00:00');
insert into PAGAMENTO (idnoleggio, numerocarta, importo, dataPag) values (368, 5322612397215817, calcolaImporto(368),'2022-04-08 00:00:00');
insert into PAGAMENTO (idnoleggio, numerocarta, importo, dataPag) values (369, 5108752386336610, calcolaImporto(369),'2022-02-05 00:00:00');
insert into PAGAMENTO (idnoleggio, numerocarta, importo, dataPag) values (370, 5002354511419036, calcolaImporto(370),'2022-02-11 00:00:00');
insert into PAGAMENTO (idnoleggio, numerocarta, importo, dataPag) values (371, 5100135360239349, calcolaImporto(371),'2022-06-10 00:00:00');
insert into PAGAMENTO (idnoleggio, numerocarta, importo, dataPag) values (372, 5100140935611253, calcolaImporto(372),'2022-02-08 00:00:00');
insert into PAGAMENTO (idnoleggio, numerocarta, importo, dataPag) values (373, 5100137956693707, calcolaImporto(373),'2022-07-19 00:00:00');
insert into PAGAMENTO (idnoleggio, numerocarta, importo, dataPag) values (374, 5396295224505393, calcolaImporto(374),'2022-05-13 00:00:00');
insert into PAGAMENTO (idnoleggio, numerocarta, importo, dataPag) values (375, 5002354236265755, calcolaImporto(375),'2022-04-09 00:00:00');
insert into PAGAMENTO (idnoleggio, numerocarta, importo, dataPag) values (376, 5256400013173291, calcolaImporto(376),'2022-02-13 00:00:00');
insert into PAGAMENTO (idnoleggio, numerocarta, importo, dataPag) values (377, 5108752386336610, calcolaImporto(377),'2022-02-05 00:00:00');
insert into PAGAMENTO (idnoleggio, numerocarta, importo, dataPag) values (378, 5100143335290009, calcolaImporto(378),'2022-03-28 00:00:00');
insert into PAGAMENTO (idnoleggio, numerocarta, importo, dataPag) values (379, 5002353846138451, calcolaImporto(379),'2022-03-01 00:00:00');
insert into PAGAMENTO (idnoleggio, numerocarta, importo, dataPag) values (380, 5048379209918250, calcolaImporto(380),'2022-07-19 00:00:00');
insert into PAGAMENTO (idnoleggio, numerocarta, importo, dataPag) values (381, 5048375077376829, calcolaImporto(381),'2022-05-09 00:00:00');
insert into PAGAMENTO (idnoleggio, numerocarta, importo, dataPag) values (382, 5503844855134500, calcolaImporto(382),'2022-03-24 00:00:00');
insert into PAGAMENTO (idnoleggio, numerocarta, importo, dataPag) values (383, 5108751484856818, calcolaImporto(383),'2022-07-30 00:00:00');
insert into PAGAMENTO (idnoleggio, numerocarta, importo, dataPag) values (384, 5010123568107517, calcolaImporto(384),'2022-04-27 00:00:00');
insert into PAGAMENTO (idnoleggio, numerocarta, importo, dataPag) values (385, 5100175968832681, calcolaImporto(385),'2022-04-17 00:00:00');
insert into PAGAMENTO (idnoleggio, numerocarta, importo, dataPag) values (386, 5048372423468509, calcolaImporto(386),'2022-05-11 00:00:00');
insert into PAGAMENTO (idnoleggio, numerocarta, importo, dataPag) values (387, 5254049515607108, calcolaImporto(387),'2022-04-02 00:00:00');
insert into PAGAMENTO (idnoleggio, numerocarta, importo, dataPag) values (388, 5100139745616544, calcolaImporto(388),'2022-03-08 00:00:00');
insert into PAGAMENTO (idnoleggio, numerocarta, importo, dataPag) values (389, 5010125478128962, calcolaImporto(389),'2022-04-07 00:00:00');
insert into PAGAMENTO (idnoleggio, numerocarta, importo, dataPag) values (390, 5423492106724443, calcolaImporto(390),'2022-03-04 00:00:00');
insert into PAGAMENTO (idnoleggio, numerocarta, importo, dataPag) values (391, 5580866823158465, calcolaImporto(391),'2022-05-11 00:00:00');
insert into PAGAMENTO (idnoleggio, numerocarta, importo, dataPag) values (392, 5108752386336610, calcolaImporto(392),'2022-03-15 00:00:00');
insert into PAGAMENTO (idnoleggio, numerocarta, importo, dataPag) values (393, 5048372423468509, calcolaImporto(393),'2022-02-23 00:00:00');
insert into PAGAMENTO (idnoleggio, numerocarta, importo, dataPag) values (394, 5371783180599681, calcolaImporto(394),'2022-03-26 00:00:00');
insert into PAGAMENTO (idnoleggio, numerocarta, importo, dataPag) values (395, 5583297691920439, calcolaImporto(395),'2022-05-20 00:00:00');
insert into PAGAMENTO (idnoleggio, numerocarta, importo, dataPag) values (396, 5010124612387626, calcolaImporto(396),'2022-04-12 00:00:00');
insert into PAGAMENTO (idnoleggio, numerocarta, importo, dataPag) values (397, 5488616037889071, calcolaImporto(397),'2022-07-30 00:00:00');
insert into PAGAMENTO (idnoleggio, numerocarta, importo, dataPag) values (398, 5100148598638935, calcolaImporto(398),'2022-03-23 00:00:00');
insert into PAGAMENTO (idnoleggio, numerocarta, importo, dataPag) values (399, 5007666220932909, calcolaImporto(399),'2022-03-23 00:00:00');
insert into PAGAMENTO (idnoleggio, numerocarta, importo, dataPag) values (400, 5010124969339493, calcolaImporto(400),'2022-04-10 00:00:00');
insert into PAGAMENTO (idnoleggio, numerocarta, importo, dataPag) values (401, 5108759894058958, calcolaImporto(401),'2022-03-16 00:00:00');
insert into PAGAMENTO (idnoleggio, numerocarta, importo, dataPag) values (402, 5100174766885942, calcolaImporto(402),'2022-02-23 00:00:00');
insert into PAGAMENTO (idnoleggio, numerocarta, importo, dataPag) values (403, 5503844855134500, calcolaImporto(403),'2022-07-31 00:00:00');
insert into PAGAMENTO (idnoleggio, numerocarta, importo, dataPag) values (404, 5344799588868530, calcolaImporto(404),'2022-07-16 00:00:00');
insert into PAGAMENTO (idnoleggio, numerocarta, importo, dataPag) values (405, 5413858388199482, calcolaImporto(405),'2022-02-16 00:00:00');
insert into PAGAMENTO (idnoleggio, numerocarta, importo, dataPag) values (406, 5002354226490751, calcolaImporto(406),'2022-02-25 00:00:00');
insert into PAGAMENTO (idnoleggio, numerocarta, importo, dataPag) values (407, 5002354226490751, calcolaImporto(407),'2022-05-22 00:00:00');
insert into PAGAMENTO (idnoleggio, numerocarta, importo, dataPag) values (408, 5580866823158465, calcolaImporto(408),'2022-03-24 00:00:00');
insert into PAGAMENTO (idnoleggio, numerocarta, importo, dataPag) values (409, 5048374883091656, calcolaImporto(409),'2022-02-12 00:00:00');
insert into PAGAMENTO (idnoleggio, numerocarta, importo, dataPag) values (410, 5507871340954321, calcolaImporto(410),'2022-06-30 00:00:00');
insert into PAGAMENTO (idnoleggio, numerocarta, importo, dataPag) values (411, 5357933804135036, calcolaImporto(411),'2022-04-30 00:00:00');
insert into PAGAMENTO (idnoleggio, numerocarta, importo, dataPag) values (412, 5048376664295844, calcolaImporto(412),'2022-06-30 00:00:00');
insert into PAGAMENTO (idnoleggio, numerocarta, importo, dataPag) values (413, 5322612397215817, calcolaImporto(413),'2022-07-06 00:00:00');
insert into PAGAMENTO (idnoleggio, numerocarta, importo, dataPag) values (414, 5583297691920439, calcolaImporto(414),'2022-05-03 00:00:00');
insert into PAGAMENTO (idnoleggio, numerocarta, importo, dataPag) values (415, 5100132466751590, calcolaImporto(415),'2022-07-28 00:00:00');
insert into PAGAMENTO (idnoleggio, numerocarta, importo, dataPag) values (416, 5100143335290009, calcolaImporto(416),'2022-02-03 00:00:00');
insert into PAGAMENTO (idnoleggio, numerocarta, importo, dataPag) values (417, 5100140935611253, calcolaImporto(417),'2022-07-05 00:00:00');
insert into PAGAMENTO (idnoleggio, numerocarta, importo, dataPag) values (418, 5100139455746119, calcolaImporto(418),'2022-04-24 00:00:00');
insert into PAGAMENTO (idnoleggio, numerocarta, importo, dataPag) values (419, 5100132961703351, calcolaImporto(419),'2022-05-20 00:00:00');
insert into PAGAMENTO (idnoleggio, numerocarta, importo, dataPag) values (420, 5100147808594557, calcolaImporto(420),'2022-05-29 00:00:00');
insert into PAGAMENTO (idnoleggio, numerocarta, importo, dataPag) values (421, 5007664983738621, calcolaImporto(421),'2022-06-01 00:00:00');
insert into PAGAMENTO (idnoleggio, numerocarta, importo, dataPag) values (422, 5048376664295844, calcolaImporto(422),'2022-02-28 00:00:00');
insert into PAGAMENTO (idnoleggio, numerocarta, importo, dataPag) values (423, 5561605187677030, calcolaImporto(423),'2022-04-07 00:00:00');
insert into PAGAMENTO (idnoleggio, numerocarta, importo, dataPag) values (424, 5048372283051171, calcolaImporto(424),'2022-07-22 00:00:00');
insert into PAGAMENTO (idnoleggio, numerocarta, importo, dataPag) values (425, 5526304307591701, calcolaImporto(425),'2022-06-30 00:00:00');
insert into PAGAMENTO (idnoleggio, numerocarta, importo, dataPag) values (426, 5100176056940600, calcolaImporto(426),'2022-07-06 00:00:00');
insert into PAGAMENTO (idnoleggio, numerocarta, importo, dataPag) values (427, 5413858388199482, calcolaImporto(427),'2022-02-11 00:00:00');
insert into PAGAMENTO (idnoleggio, numerocarta, importo, dataPag) values (428, 5007663704387585, calcolaImporto(428),'2022-07-02 00:00:00');
insert into PAGAMENTO (idnoleggio, numerocarta, importo, dataPag) values (429, 5344799588868530, calcolaImporto(429),'2022-07-27 00:00:00');
insert into PAGAMENTO (idnoleggio, numerocarta, importo, dataPag) values (430, 5010120956243409, calcolaImporto(430),'2022-02-26 00:00:00');
insert into PAGAMENTO (idnoleggio, numerocarta, importo, dataPag) values (431, 5010121431715672, calcolaImporto(431),'2022-07-16 00:00:00');
insert into PAGAMENTO (idnoleggio, numerocarta, importo, dataPag) values (432, 5351843489724564, calcolaImporto(432),'2022-05-04 00:00:00');
insert into PAGAMENTO (idnoleggio, numerocarta, importo, dataPag) values (433, 5007662814429469, calcolaImporto(433),'2022-06-25 00:00:00');
insert into PAGAMENTO (idnoleggio, numerocarta, importo, dataPag) values (434, 5007669879743957, calcolaImporto(434),'2022-06-11 00:00:00');
insert into PAGAMENTO (idnoleggio, numerocarta, importo, dataPag) values (435, 5100147808594557, calcolaImporto(435),'2022-04-26 00:00:00');
insert into PAGAMENTO (idnoleggio, numerocarta, importo, dataPag) values (436, 5261051337560177, calcolaImporto(436),'2022-02-09 00:00:00');
insert into PAGAMENTO (idnoleggio, numerocarta, importo, dataPag) values (437, 5326912572543405, calcolaImporto(437),'2022-05-28 00:00:00');
insert into PAGAMENTO (idnoleggio, numerocarta, importo, dataPag) values (438, 5002350064945716, calcolaImporto(438),'2022-06-07 00:00:00');
insert into PAGAMENTO (idnoleggio, numerocarta, importo, dataPag) values (439, 5002351768428272, calcolaImporto(439),'2022-07-18 00:00:00');
insert into PAGAMENTO (idnoleggio, numerocarta, importo, dataPag) values (440, 5048371858072844, calcolaImporto(440),'2022-04-06 00:00:00');
insert into PAGAMENTO (idnoleggio, numerocarta, importo, dataPag) values (441, 5010120102371898, calcolaImporto(441),'2022-06-23 00:00:00');
insert into PAGAMENTO (idnoleggio, numerocarta, importo, dataPag) values (442, 5007669879743957, calcolaImporto(442),'2022-03-22 00:00:00');
insert into PAGAMENTO (idnoleggio, numerocarta, importo, dataPag) values (443, 5108751067889327, calcolaImporto(443),'2022-04-16 00:00:00');
insert into PAGAMENTO (idnoleggio, numerocarta, importo, dataPag) values (444, 5010125575830429, calcolaImporto(444),'2022-06-01 00:00:00');
insert into PAGAMENTO (idnoleggio, numerocarta, importo, dataPag) values (445, 5261051337560177, calcolaImporto(445),'2022-03-06 00:00:00');
insert into PAGAMENTO (idnoleggio, numerocarta, importo, dataPag) values (446, 5100138323820569, calcolaImporto(446),'2022-02-24 00:00:00');
insert into PAGAMENTO (idnoleggio, numerocarta, importo, dataPag) values (447, 5507871340954321, calcolaImporto(447),'2022-03-06 00:00:00');
insert into PAGAMENTO (idnoleggio, numerocarta, importo, dataPag) values (448, 5421922318314726, calcolaImporto(448),'2022-05-08 00:00:00');
insert into PAGAMENTO (idnoleggio, numerocarta, importo, dataPag) values (449, 5010125575830429, calcolaImporto(449),'2022-04-05 00:00:00');
insert into PAGAMENTO (idnoleggio, numerocarta, importo, dataPag) values (450, 5010124612387626, calcolaImporto(450),'2022-04-09 00:00:00');
insert into PAGAMENTO (idnoleggio, numerocarta, importo, dataPag) values (451, 5179627094914904, calcolaImporto(451),'2022-04-01 00:00:00');
insert into PAGAMENTO (idnoleggio, numerocarta, importo, dataPag) values (452, 5100174766885942, calcolaImporto(452),'2022-04-09 00:00:00');
insert into PAGAMENTO (idnoleggio, numerocarta, importo, dataPag) values (453, 5543111053490924, calcolaImporto(453),'2022-04-30 00:00:00');
insert into PAGAMENTO (idnoleggio, numerocarta, importo, dataPag) values (454, 5373462405315789, calcolaImporto(454),'2022-06-24 00:00:00');
insert into PAGAMENTO (idnoleggio, numerocarta, importo, dataPag) values (455, 5010120956243409, calcolaImporto(455),'2022-05-30 00:00:00');
insert into PAGAMENTO (idnoleggio, numerocarta, importo, dataPag) values (456, 5423492106724443, calcolaImporto(456),'2022-07-22 00:00:00');
insert into PAGAMENTO (idnoleggio, numerocarta, importo, dataPag) values (457, 5100140336977667, calcolaImporto(457),'2022-04-21 00:00:00');
insert into PAGAMENTO (idnoleggio, numerocarta, importo, dataPag) values (458, 5048375639746568, calcolaImporto(458),'2022-05-28 00:00:00');
insert into PAGAMENTO (idnoleggio, numerocarta, importo, dataPag) values (459, 5179627094914904, calcolaImporto(459),'2022-05-15 00:00:00');
insert into PAGAMENTO (idnoleggio, numerocarta, importo, dataPag) values (460, 5002356807009082, calcolaImporto(460),'2022-03-06 00:00:00');
insert into PAGAMENTO (idnoleggio, numerocarta, importo, dataPag) values (461, 5007667048786253, calcolaImporto(461),'2022-04-24 00:00:00');
insert into PAGAMENTO (idnoleggio, numerocarta, importo, dataPag) values (462, 5048375347129511, calcolaImporto(462),'2022-02-15 00:00:00');
insert into PAGAMENTO (idnoleggio, numerocarta, importo, dataPag) values (463, 5258507222909329, calcolaImporto(463),'2022-06-17 00:00:00');
insert into PAGAMENTO (idnoleggio, numerocarta, importo, dataPag) values (464, 5320262381348836, calcolaImporto(464),'2022-06-09 00:00:00');
insert into PAGAMENTO (idnoleggio, numerocarta, importo, dataPag) values (465, 5048371697221172, calcolaImporto(465),'2022-06-07 00:00:00');
insert into PAGAMENTO (idnoleggio, numerocarta, importo, dataPag) values (466, 5543111053490924, calcolaImporto(466),'2022-03-14 00:00:00');
insert into PAGAMENTO (idnoleggio, numerocarta, importo, dataPag) values (467, 5100132961703351, calcolaImporto(467),'2022-03-03 00:00:00');
insert into PAGAMENTO (idnoleggio, numerocarta, importo, dataPag) values (468, 5503844855134500, calcolaImporto(468),'2022-06-11 00:00:00');
insert into PAGAMENTO (idnoleggio, numerocarta, importo, dataPag) values (469, 5417418769601196, calcolaImporto(469),'2022-02-04 00:00:00');
insert into PAGAMENTO (idnoleggio, numerocarta, importo, dataPag) values (470, 5437732962590899, calcolaImporto(470),'2022-04-08 00:00:00');
insert into PAGAMENTO (idnoleggio, numerocarta, importo, dataPag) values (471, 5258507222909329, calcolaImporto(471),'2022-02-05 00:00:00');
insert into PAGAMENTO (idnoleggio, numerocarta, importo, dataPag) values (472, 5010120102371898, calcolaImporto(472),'2022-02-11 00:00:00');
insert into PAGAMENTO (idnoleggio, numerocarta, importo, dataPag) values (473, 5100140052609189, calcolaImporto(473),'2022-06-10 00:00:00');
insert into PAGAMENTO (idnoleggio, numerocarta, importo, dataPag) values (474, 5048370682222005, calcolaImporto(474),'2022-02-08 00:00:00');
insert into PAGAMENTO (idnoleggio, numerocarta, importo, dataPag) values (475, 5002355384623729, calcolaImporto(475),'2022-07-19 00:00:00');
insert into PAGAMENTO (idnoleggio, numerocarta, importo, dataPag) values (476, 5128504712050209, calcolaImporto(476),'2022-05-13 00:00:00');
insert into PAGAMENTO (idnoleggio, numerocarta, importo, dataPag) values (477, 5100178892926017, calcolaImporto(477),'2022-04-09 00:00:00');
insert into PAGAMENTO (idnoleggio, numerocarta, importo, dataPag) values (478, 5320262381348836, calcolaImporto(478),'2022-02-13 00:00:00');
insert into PAGAMENTO (idnoleggio, numerocarta, importo, dataPag) values (479, 5100148598638935, calcolaImporto(479),'2022-02-05 00:00:00');
insert into PAGAMENTO (idnoleggio, numerocarta, importo, dataPag) values (480, 5385865959139981, calcolaImporto(480),'2022-03-28 00:00:00');
insert into PAGAMENTO (idnoleggio, numerocarta, importo, dataPag) values (481, 5048371858072844, calcolaImporto(481),'2022-03-01 00:00:00');
insert into PAGAMENTO (idnoleggio, numerocarta, importo, dataPag) values (482, 5002350064945716, calcolaImporto(482),'2022-07-19 00:00:00');
insert into PAGAMENTO (idnoleggio, numerocarta, importo, dataPag) values (483, 5010126507325140, calcolaImporto(483),'2022-05-09 00:00:00');
insert into PAGAMENTO (idnoleggio, numerocarta, importo, dataPag) values (484, 5583297691920439, calcolaImporto(484),'2022-03-24 00:00:00');
insert into PAGAMENTO (idnoleggio, numerocarta, importo, dataPag) values (485, 5100130509032424, calcolaImporto(485),'2022-07-30 00:00:00');
insert into PAGAMENTO (idnoleggio, numerocarta, importo, dataPag) values (486, 5100176105318576, calcolaImporto(486),'2022-04-27 00:00:00');
insert into PAGAMENTO (idnoleggio, numerocarta, importo, dataPag) values (487, 5100139942806492, calcolaImporto(487),'2022-04-17 00:00:00');
insert into PAGAMENTO (idnoleggio, numerocarta, importo, dataPag) values (488, 5100143335290009, calcolaImporto(488),'2022-05-11 00:00:00');
insert into PAGAMENTO (idnoleggio, numerocarta, importo, dataPag) values (489, 5503844855134500, calcolaImporto(489),'2022-04-02 00:00:00');
insert into PAGAMENTO (idnoleggio, numerocarta, importo, dataPag) values (490, 5100173484696433, calcolaImporto(490),'2022-03-08 00:00:00');
insert into PAGAMENTO (idnoleggio, numerocarta, importo, dataPag) values (491, 5500920030920220, calcolaImporto(491),'2022-04-07 00:00:00');
insert into PAGAMENTO (idnoleggio, numerocarta, importo, dataPag) values (492, 5151630596766923, calcolaImporto(492),'2022-03-04 00:00:00');
insert into PAGAMENTO (idnoleggio, numerocarta, importo, dataPag) values (493, 5010120874795415, calcolaImporto(493),'2022-05-11 00:00:00');
insert into PAGAMENTO (idnoleggio, numerocarta, importo, dataPag) values (494, 5304589787281074, calcolaImporto(494),'2022-03-15 00:00:00');
insert into PAGAMENTO (idnoleggio, numerocarta, importo, dataPag) values (495, 5108751484856818, calcolaImporto(495),'2022-02-23 00:00:00');
insert into PAGAMENTO (idnoleggio, numerocarta, importo, dataPag) values (496, 5179627094914904, calcolaImporto(496),'2022-03-26 00:00:00');
insert into PAGAMENTO (idnoleggio, numerocarta, importo, dataPag) values (497, 5100132905194485, calcolaImporto(497),'2022-05-20 00:00:00');
insert into PAGAMENTO (idnoleggio, numerocarta, importo, dataPag) values (498, 5007667085723342, calcolaImporto(498),'2022-04-12 00:00:00');
insert into PAGAMENTO (idnoleggio, numerocarta, importo, dataPag) values (499, 5100178892926017, calcolaImporto(499),'2022-07-30 00:00:00');
insert into PAGAMENTO (idnoleggio, numerocarta, importo, dataPag) values (500, 5503844855134500, calcolaImporto(500),'2022-03-23 00:00:00');

-- Creazione indice
CREATE INDEX idx_Noleggio ON Noleggio(DataRiconsegna, DataRitiro, Targa);

-- 1 - Mostrare gli utenti che stanno effettuando un noleggio in una certa data
SELECT U.Email, U.Nome, U.Cognome, N.Targa, N.DataRitiro, N.DataRiconsegna
FROM NOLEGGIO N JOIN UTENTE U ON N.Email = U.Email 
WHERE '2022-07-14' BETWEEN N.DataRitiro AND N.DataRiconsegna;

-- 2 - Mostrare in ordine decrescente i 10 modelli pi noleggiati dagli utenti
SELECT M.Modello, Count(*) AS NumNoleggi
FROM NOLEGGIO N JOIN VEICOLO V ON N.Targa = V.Targa
        JOIN MODELLO M ON M.IdModello = V.IdModello
GROUP BY M.Modello
ORDER BY COUNT(*) DESC
LIMIT 10;

-- 3 - Mostrare in ordine i modelli valutati meglio dagli utenti con almeno n recensioni per modello
SELECT M.Modello, ROUND(AVG(R.Stelle),2) AS STELLE, COUNT(*) AS NumRecensioni
FROM RECENSIONE R JOIN MODELLO M ON R.IdModello = M.IdModello
GROUP BY M.IdModello, M.Modello
HAVING COUNT(*) >= 4
ORDER BY AVG(R.Stelle) DESC, NumRecensioni DESC;


-- 4 - Mostrare le top 5 aziende che forniscono pi veicoli
SELECT A.NomeAzienda, count(*) AS VeicoliForniti
FROM VEICOLO V
    JOIN AZIENDA A ON V.CodiceAziendaFornitrice = A.CodiceAzienda
GROUP BY A.NomeAzienda
ORDER BY count(*) DESC
LIMIT 5;


-- 5 - Mostrare i veicoli disponibili tra un dato periodo e in un determinato luogo
SELECT M.Modello, count(*) AS Disponibilita
FROM VEICOLO V
    JOIN MODELLO M ON V.IdModello = M.IdModello
WHERE V.Targa IN (SELECT L.Targa
    FROM LOCALIZZATO L
        JOIN PARCHEGGIO P ON P.CodiceParcheggio = L.CodiceParcheggio
    WHERE (P.Regione = 'Veneto' AND P.Citta='Padova')
    EXCEPT
    SELECT  N.Targa
    FROM NOLEGGIO N
    WHERE NOT ('2022-06-15' < N.DataRitiro OR '2022-06-12' > N.DataRiconsegna))
GROUP BY M.Modello;

-- 6 - Mostrare per un noleggio il costo totale includendo il costo del veicolo noleggiato e costo del optional in base alla durata del noleggio. Applicando se disponibile l'eventuale sconto.
-- LE VISTE VENGONO CREATE A RIGA #305 IN QUANTO VENGONO UTILIZZARE PER CALCOLARE L'IMPORTO
SELECT PrVe.IdNoleggio, CAST(PrVe.TotalePrezzoVeicolo AS DECIMAL(9,2)), 
CAST(PrOp.TotalePrezzoOptional AS DECIMAL(9,2)) AS TotalePrezzoOptional, PrVe.PercentualeSconto, 
CAST((PrVe.TotalePrezzoVeicolo + PrOp.TotalePrezzoOptional) *(100-PrVe.PercentualeSconto)/100 AS DECIMAL(9,2)) AS ImportoTotale
FROM PrVe
    JOIN PrOp
    ON PrVe.IdNoleggio = PrOP.IdNoleggio
WHERE PrVe.IdNoleggio = 15;

